id,username,email,total_points,win_rate,streak,created_at
63,synthetic_user_6,synthetic_user_6@example.com,0.0,0.0,0,2025-11-30T09:02:32.739070+00:00
64,synthetic_user_7,synthetic_user_7@example.com,0.0,0.0,0,2025-11-30T09:02:32.889305+00:00
65,synthetic_user_8,synthetic_user_8@example.com,0.0,0.0,0,2025-11-30T09:02:33.046904+00:00
66,synthetic_user_9,synthetic_user_9@example.com,0.0,0.0,0,2025-11-30T09:02:33.197476+00:00
67,synthetic_user_10,synthetic_user_10@example.com,0.0,0.0,0,2025-11-30T09:02:33.380753+00:00
68,synthetic_user_11,synthetic_user_11@example.com,0.0,0.0,0,2025-11-30T09:02:33.534721+00:00
69,synthetic_user_12,synthetic_user_12@example.com,0.0,0.0,0,2025-11-30T09:02:33.685278+00:00
70,synthetic_user_13,synthetic_user_13@example.com,0.0,0.0,0,2025-11-30T09:02:33.838190+00:00
71,synthetic_user_14,synthetic_user_14@example.com,0.0,0.0,0,2025-11-30T09:02:33.989052+00:00
72,synthetic_user_15,synthetic_user_15@example.com,0.0,0.0,0,2025-11-30T09:02:34.144298+00:00
73,synthetic_user_16,synthetic_user_16@example.com,0.0,0.0,0,2025-11-30T09:02:34.300791+00:00
57,synthetic_user_0,synthetic_user_0@example.com,0.0,0.0,0,2025-11-30T09:02:31.727024+00:00
58,synthetic_user_1,synthetic_user_1@example.com,0.0,0.0,0,2025-11-30T09:02:31.879926+00:00
59,synthetic_user_2,synthetic_user_2@example.com,0.0,0.0,0,2025-11-30T09:02:32.044392+00:00
60,synthetic_user_3,synthetic_user_3@example.com,0.0,0.0,0,2025-11-30T09:02:32.269222+00:00
61,synthetic_user_4,synthetic_user_4@example.com,0.0,0.0,0,2025-11-30T09:02:32.432297+00:00
62,synthetic_user_5,synthetic_user_5@example.com,0.0,0.0,0,2025-11-30T09:02:32.588793+00:00
74,synthetic_user_17,synthetic_user_17@example.com,0.0,0.0,0,2025-11-30T09:02:34.456043+00:00
75,synthetic_user_18,synthetic_user_18@example.com,0.0,0.0,0,2025-11-30T09:02:34.608202+00:00
76,synthetic_user_19,synthetic_user_19@example.com,0.0,0.0,0,2025-11-30T09:02:34.765456+00:00
77,synthetic_user_20,synthetic_user_20@example.com,0.0,0.0,0,2025-11-30T09:02:34.919852+00:00
78,synthetic_user_21,synthetic_user_21@example.com,0.0,0.0,0,2025-11-30T09:02:35.076247+00:00
79,synthetic_user_22,synthetic_user_22@example.com,0.0,0.0,0,2025-11-30T09:02:35.226425+00:00
80,synthetic_user_23,synthetic_user_23@example.com,0.0,0.0,0,2025-11-30T09:02:35.391626+00:00
81,synthetic_user_24,synthetic_user_24@example.com,0.0,0.0,0,2025-11-30T09:02:35.553650+00:00
82,synthetic_user_25,synthetic_user_25@example.com,0.0,0.0,0,2025-11-30T09:02:35.714796+00:00
83,synthetic_user_26,synthetic_user_26@example.com,0.0,0.0,0,2025-11-30T09:02:35.870902+00:00
84,synthetic_user_27,synthetic_user_27@example.com,0.0,0.0,0,2025-11-30T09:02:36.042431+00:00
85,synthetic_user_28,synthetic_user_28@example.com,0.0,0.0,0,2025-11-30T09:02:36.201366+00:00
86,synthetic_user_29,synthetic_user_29@example.com,0.0,0.0,0,2025-11-30T09:02:36.354657+00:00
87,synthetic_user_30,synthetic_user_30@example.com,0.0,0.0,0,2025-11-30T09:02:36.510704+00:00
88,synthetic_user_31,synthetic_user_31@example.com,0.0,0.0,0,2025-11-30T09:02:36.664801+00:00
89,synthetic_user_32,synthetic_user_32@example.com,0.0,0.0,0,2025-11-30T09:02:36.828131+00:00
90,synthetic_user_33,synthetic_user_33@example.com,0.0,0.0,0,2025-11-30T09:02:36.982855+00:00
91,synthetic_user_34,synthetic_user_34@example.com,0.0,0.0,0,2025-11-30T09:02:37.136848+00:00
92,synthetic_user_35,synthetic_user_35@example.com,0.0,0.0,0,2025-11-30T09:02:37.307223+00:00
93,synthetic_user_36,synthetic_user_36@example.com,0.0,0.0,0,2025-11-30T09:02:37.522119+00:00
94,synthetic_user_37,synthetic_user_37@example.com,0.0,0.0,0,2025-11-30T09:02:37.680842+00:00
95,synthetic_user_38,synthetic_user_38@example.com,0.0,0.0,0,2025-11-30T09:02:37.832894+00:00
96,synthetic_user_39,synthetic_user_39@example.com,0.0,0.0,0,2025-11-30T09:02:37.989362+00:00
97,synthetic_user_40,synthetic_user_40@example.com,0.0,0.0,0,2025-11-30T09:02:38.148948+00:00
98,synthetic_user_41,synthetic_user_41@example.com,0.0,0.0,0,2025-11-30T09:02:38.302374+00:00
99,synthetic_user_42,synthetic_user_42@example.com,0.0,0.0,0,2025-11-30T09:02:38.456994+00:00
100,synthetic_user_43,synthetic_user_43@example.com,0.0,0.0,0,2025-11-30T09:02:38.609572+00:00
101,synthetic_user_44,synthetic_user_44@example.com,0.0,0.0,0,2025-11-30T09:02:38.766467+00:00
102,synthetic_user_45,synthetic_user_45@example.com,0.0,0.0,0,2025-11-30T09:02:38.915668+00:00
103,synthetic_user_46,synthetic_user_46@example.com,0.0,0.0,0,2025-11-30T09:02:39.071518+00:00
104,synthetic_user_47,synthetic_user_47@example.com,0.0,0.0,0,2025-11-30T09:02:39.223390+00:00
105,synthetic_user_48,synthetic_user_48@example.com,0.0,0.0,0,2025-11-30T09:02:39.384880+00:00
106,synthetic_user_49,synthetic_user_49@example.com,0.0,0.0,0,2025-11-30T09:02:39.535952+00:00
107,synthetic_user_50,synthetic_user_50@example.com,0.0,0.0,0,2025-11-30T09:02:39.690398+00:00
108,synthetic_user_51,synthetic_user_51@example.com,0.0,0.0,0,2025-11-30T09:02:39.846598+00:00
109,synthetic_user_52,synthetic_user_52@example.com,0.0,0.0,0,2025-11-30T09:02:40.001021+00:00
110,synthetic_user_53,synthetic_user_53@example.com,0.0,0.0,0,2025-11-30T09:02:40.153756+00:00
111,synthetic_user_54,synthetic_user_54@example.com,0.0,0.0,0,2025-11-30T09:02:40.304529+00:00
112,synthetic_user_55,synthetic_user_55@example.com,0.0,0.0,0,2025-11-30T09:02:40.460940+00:00
113,synthetic_user_56,synthetic_user_56@example.com,0.0,0.0,0,2025-11-30T09:02:40.616929+00:00
114,synthetic_user_57,synthetic_user_57@example.com,0.0,0.0,0,2025-11-30T09:02:40.773569+00:00
115,synthetic_user_58,synthetic_user_58@example.com,0.0,0.0,0,2025-11-30T09:02:41.003761+00:00
116,synthetic_user_59,synthetic_user_59@example.com,0.0,0.0,0,2025-11-30T09:02:41.182384+00:00
117,synthetic_user_60,synthetic_user_60@example.com,0.0,0.0,0,2025-11-30T09:02:41.381394+00:00
118,synthetic_user_61,synthetic_user_61@example.com,0.0,0.0,0,2025-11-30T09:02:41.578519+00:00
119,synthetic_user_62,synthetic_user_62@example.com,0.0,0.0,0,2025-11-30T09:02:41.743347+00:00
120,synthetic_user_63,synthetic_user_63@example.com,0.0,0.0,0,2025-11-30T09:02:41.902922+00:00
121,synthetic_user_64,synthetic_user_64@example.com,0.0,0.0,0,2025-11-30T09:02:42.060112+00:00
122,synthetic_user_65,synthetic_user_65@example.com,0.0,0.0,0,2025-11-30T09:02:42.240323+00:00
123,synthetic_user_66,synthetic_user_66@example.com,0.0,0.0,0,2025-11-30T09:02:42.406613+00:00
124,synthetic_user_67,synthetic_user_67@example.com,0.0,0.0,0,2025-11-30T09:02:42.568755+00:00
125,synthetic_user_68,synthetic_user_68@example.com,0.0,0.0,0,2025-11-30T09:02:42.723559+00:00
126,synthetic_user_69,synthetic_user_69@example.com,0.0,0.0,0,2025-11-30T09:02:42.875466+00:00
127,synthetic_user_70,synthetic_user_70@example.com,0.0,0.0,0,2025-11-30T09:02:43.030675+00:00
128,synthetic_user_71,synthetic_user_71@example.com,0.0,0.0,0,2025-11-30T09:02:43.185729+00:00
129,synthetic_user_72,synthetic_user_72@example.com,0.0,0.0,0,2025-11-30T09:02:43.338927+00:00
130,synthetic_user_73,synthetic_user_73@example.com,0.0,0.0,0,2025-11-30T09:02:43.490000+00:00
131,synthetic_user_74,synthetic_user_74@example.com,0.0,0.0,0,2025-11-30T09:02:43.640433+00:00
132,synthetic_user_75,synthetic_user_75@example.com,0.0,0.0,0,2025-11-30T09:02:43.792739+00:00
133,synthetic_user_76,synthetic_user_76@example.com,0.0,0.0,0,2025-11-30T09:02:43.942912+00:00
134,synthetic_user_77,synthetic_user_77@example.com,0.0,0.0,0,2025-11-30T09:02:44.092207+00:00
135,synthetic_user_78,synthetic_user_78@example.com,0.0,0.0,0,2025-11-30T09:02:44.246394+00:00
136,synthetic_user_79,synthetic_user_79@example.com,0.0,0.0,0,2025-11-30T09:02:44.399594+00:00
137,synthetic_user_80,synthetic_user_80@example.com,0.0,0.0,0,2025-11-30T09:02:44.551617+00:00
138,synthetic_user_81,synthetic_user_81@example.com,0.0,0.0,0,2025-11-30T09:02:44.706207+00:00
139,synthetic_user_82,synthetic_user_82@example.com,0.0,0.0,0,2025-11-30T09:02:44.854740+00:00
140,synthetic_user_83,synthetic_user_83@example.com,0.0,0.0,0,2025-11-30T09:02:45.007108+00:00
141,synthetic_user_84,synthetic_user_84@example.com,0.0,0.0,0,2025-11-30T09:02:45.156052+00:00
142,synthetic_user_85,synthetic_user_85@example.com,0.0,0.0,0,2025-11-30T09:02:45.311443+00:00
143,synthetic_user_86,synthetic_user_86@example.com,0.0,0.0,0,2025-11-30T09:02:45.470220+00:00
144,synthetic_user_87,synthetic_user_87@example.com,0.0,0.0,0,2025-11-30T09:02:45.630761+00:00
145,synthetic_user_88,synthetic_user_88@example.com,0.0,0.0,0,2025-11-30T09:02:45.782294+00:00
146,synthetic_user_89,synthetic_user_89@example.com,0.0,0.0,0,2025-11-30T09:02:45.934646+00:00
147,synthetic_user_90,synthetic_user_90@example.com,0.0,0.0,0,2025-11-30T09:02:46.084686+00:00
148,synthetic_user_91,synthetic_user_91@example.com,0.0,0.0,0,2025-11-30T09:02:46.243069+00:00
149,synthetic_user_92,synthetic_user_92@example.com,0.0,0.0,0,2025-11-30T09:02:46.397190+00:00
150,synthetic_user_93,synthetic_user_93@example.com,0.0,0.0,0,2025-11-30T09:02:46.552768+00:00
151,synthetic_user_94,synthetic_user_94@example.com,0.0,0.0,0,2025-11-30T09:02:46.709779+00:00
152,synthetic_user_95,synthetic_user_95@example.com,0.0,0.0,0,2025-11-30T09:02:46.868193+00:00
153,synthetic_user_96,synthetic_user_96@example.com,0.0,0.0,0,2025-11-30T09:02:47.022335+00:00
154,synthetic_user_97,synthetic_user_97@example.com,0.0,0.0,0,2025-11-30T09:02:47.178665+00:00
155,synthetic_user_98,synthetic_user_98@example.com,0.0,0.0,0,2025-11-30T09:02:47.332782+00:00
156,synthetic_user_99,synthetic_user_99@example.com,0.0,0.0,0,2025-11-30T09:02:47.486771+00:00
157,synthetic_user_100,synthetic_user_100@example.com,0.0,0.0,0,2025-11-30T09:02:47.641747+00:00
158,synthetic_user_101,synthetic_user_101@example.com,0.0,0.0,0,2025-11-30T09:02:47.795584+00:00
159,synthetic_user_102,synthetic_user_102@example.com,0.0,0.0,0,2025-11-30T09:02:47.950674+00:00
160,synthetic_user_103,synthetic_user_103@example.com,0.0,0.0,0,2025-11-30T09:02:48.107939+00:00
161,synthetic_user_104,synthetic_user_104@example.com,0.0,0.0,0,2025-11-30T09:02:48.261856+00:00
162,synthetic_user_105,synthetic_user_105@example.com,0.0,0.0,0,2025-11-30T09:02:48.411964+00:00
163,synthetic_user_106,synthetic_user_106@example.com,0.0,0.0,0,2025-11-30T09:02:48.564965+00:00
164,synthetic_user_107,synthetic_user_107@example.com,0.0,0.0,0,2025-11-30T09:02:48.713974+00:00
165,synthetic_user_108,synthetic_user_108@example.com,0.0,0.0,0,2025-11-30T09:02:48.866889+00:00
166,synthetic_user_109,synthetic_user_109@example.com,0.0,0.0,0,2025-11-30T09:02:49.021742+00:00
167,synthetic_user_110,synthetic_user_110@example.com,0.0,0.0,0,2025-11-30T09:02:49.180566+00:00
168,synthetic_user_111,synthetic_user_111@example.com,0.0,0.0,0,2025-11-30T09:02:49.335347+00:00
169,synthetic_user_112,synthetic_user_112@example.com,0.0,0.0,0,2025-11-30T09:02:49.489937+00:00
170,synthetic_user_113,synthetic_user_113@example.com,0.0,0.0,0,2025-11-30T09:02:49.657385+00:00
171,synthetic_user_114,synthetic_user_114@example.com,0.0,0.0,0,2025-11-30T09:02:49.812518+00:00
172,synthetic_user_115,synthetic_user_115@example.com,0.0,0.0,0,2025-11-30T09:02:49.961536+00:00
173,synthetic_user_116,synthetic_user_116@example.com,0.0,0.0,0,2025-11-30T09:02:50.114300+00:00
174,synthetic_user_117,synthetic_user_117@example.com,0.0,0.0,0,2025-11-30T09:02:50.290193+00:00
175,synthetic_user_118,synthetic_user_118@example.com,0.0,0.0,0,2025-11-30T09:02:50.445971+00:00
176,synthetic_user_119,synthetic_user_119@example.com,0.0,0.0,0,2025-11-30T09:02:50.599478+00:00
177,synthetic_user_120,synthetic_user_120@example.com,0.0,0.0,0,2025-11-30T09:02:50.748945+00:00
178,synthetic_user_121,synthetic_user_121@example.com,0.0,0.0,0,2025-11-30T09:02:50.902468+00:00
179,synthetic_user_122,synthetic_user_122@example.com,0.0,0.0,0,2025-11-30T09:02:51.057761+00:00
180,synthetic_user_123,synthetic_user_123@example.com,0.0,0.0,0,2025-11-30T09:02:51.214788+00:00
181,synthetic_user_124,synthetic_user_124@example.com,0.0,0.0,0,2025-11-30T09:02:51.372262+00:00
182,synthetic_user_125,synthetic_user_125@example.com,0.0,0.0,0,2025-11-30T09:02:51.528664+00:00
183,synthetic_user_126,synthetic_user_126@example.com,0.0,0.0,0,2025-11-30T09:02:51.685602+00:00
184,synthetic_user_127,synthetic_user_127@example.com,0.0,0.0,0,2025-11-30T09:02:51.838503+00:00
185,synthetic_user_128,synthetic_user_128@example.com,0.0,0.0,0,2025-11-30T09:02:51.993561+00:00
186,synthetic_user_129,synthetic_user_129@example.com,0.0,0.0,0,2025-11-30T09:02:52.151253+00:00
187,synthetic_user_130,synthetic_user_130@example.com,0.0,0.0,0,2025-11-30T09:02:52.310444+00:00
188,synthetic_user_131,synthetic_user_131@example.com,0.0,0.0,0,2025-11-30T09:02:52.460080+00:00
189,synthetic_user_132,synthetic_user_132@example.com,0.0,0.0,0,2025-11-30T09:02:52.621969+00:00
190,synthetic_user_133,synthetic_user_133@example.com,0.0,0.0,0,2025-11-30T09:02:52.774882+00:00
191,synthetic_user_134,synthetic_user_134@example.com,0.0,0.0,0,2025-11-30T09:02:52.933952+00:00
192,synthetic_user_135,synthetic_user_135@example.com,0.0,0.0,0,2025-11-30T09:02:53.086640+00:00
193,synthetic_user_136,synthetic_user_136@example.com,0.0,0.0,0,2025-11-30T09:02:53.242497+00:00
194,synthetic_user_137,synthetic_user_137@example.com,0.0,0.0,0,2025-11-30T09:02:53.400971+00:00
195,synthetic_user_138,synthetic_user_138@example.com,0.0,0.0,0,2025-11-30T09:02:53.554905+00:00
196,synthetic_user_139,synthetic_user_139@example.com,0.0,0.0,0,2025-11-30T09:02:53.705112+00:00
197,synthetic_user_140,synthetic_user_140@example.com,0.0,0.0,0,2025-11-30T09:02:53.857311+00:00
198,synthetic_user_141,synthetic_user_141@example.com,0.0,0.0,0,2025-11-30T09:02:54.014829+00:00
199,synthetic_user_142,synthetic_user_142@example.com,0.0,0.0,0,2025-11-30T09:02:54.180190+00:00
200,synthetic_user_143,synthetic_user_143@example.com,0.0,0.0,0,2025-11-30T09:02:54.330883+00:00
201,synthetic_user_144,synthetic_user_144@example.com,0.0,0.0,0,2025-11-30T09:02:54.480884+00:00
202,synthetic_user_145,synthetic_user_145@example.com,0.0,0.0,0,2025-11-30T09:02:54.634283+00:00
203,synthetic_user_146,synthetic_user_146@example.com,0.0,0.0,0,2025-11-30T09:02:54.786084+00:00
204,synthetic_user_147,synthetic_user_147@example.com,0.0,0.0,0,2025-11-30T09:02:54.938163+00:00
205,synthetic_user_148,synthetic_user_148@example.com,0.0,0.0,0,2025-11-30T09:02:55.093286+00:00
206,synthetic_user_149,synthetic_user_149@example.com,0.0,0.0,0,2025-11-30T09:02:55.244114+00:00
207,synthetic_user_150,synthetic_user_150@example.com,0.0,0.0,0,2025-11-30T09:02:55.400619+00:00
208,synthetic_user_151,synthetic_user_151@example.com,0.0,0.0,0,2025-11-30T09:02:55.555253+00:00
209,synthetic_user_152,synthetic_user_152@example.com,0.0,0.0,0,2025-11-30T09:02:55.710640+00:00
210,synthetic_user_153,synthetic_user_153@example.com,0.0,0.0,0,2025-11-30T09:02:55.864584+00:00
211,synthetic_user_154,synthetic_user_154@example.com,0.0,0.0,0,2025-11-30T09:02:56.021117+00:00
212,synthetic_user_155,synthetic_user_155@example.com,0.0,0.0,0,2025-11-30T09:02:56.178232+00:00
213,synthetic_user_156,synthetic_user_156@example.com,0.0,0.0,0,2025-11-30T09:02:56.330624+00:00
214,synthetic_user_157,synthetic_user_157@example.com,0.0,0.0,0,2025-11-30T09:02:56.488261+00:00
215,synthetic_user_158,synthetic_user_158@example.com,0.0,0.0,0,2025-11-30T09:02:56.647344+00:00
216,synthetic_user_159,synthetic_user_159@example.com,0.0,0.0,0,2025-11-30T09:02:56.798297+00:00
217,synthetic_user_160,synthetic_user_160@example.com,0.0,0.0,0,2025-11-30T09:02:56.952574+00:00
218,synthetic_user_161,synthetic_user_161@example.com,0.0,0.0,0,2025-11-30T09:02:57.104479+00:00
219,synthetic_user_162,synthetic_user_162@example.com,0.0,0.0,0,2025-11-30T09:02:57.260996+00:00
220,synthetic_user_163,synthetic_user_163@example.com,0.0,0.0,0,2025-11-30T09:02:57.415256+00:00
221,synthetic_user_164,synthetic_user_164@example.com,0.0,0.0,0,2025-11-30T09:02:57.570437+00:00
222,synthetic_user_165,synthetic_user_165@example.com,0.0,0.0,0,2025-11-30T09:02:57.724838+00:00
223,synthetic_user_166,synthetic_user_166@example.com,0.0,0.0,0,2025-11-30T09:02:57.880701+00:00
224,synthetic_user_167,synthetic_user_167@example.com,0.0,0.0,0,2025-11-30T09:02:58.039605+00:00
225,synthetic_user_168,synthetic_user_168@example.com,0.0,0.0,0,2025-11-30T09:02:58.192522+00:00
226,synthetic_user_169,synthetic_user_169@example.com,0.0,0.0,0,2025-11-30T09:02:58.357485+00:00
227,synthetic_user_170,synthetic_user_170@example.com,0.0,0.0,0,2025-11-30T09:02:58.509292+00:00
228,synthetic_user_171,synthetic_user_171@example.com,0.0,0.0,0,2025-11-30T09:02:58.665100+00:00
229,synthetic_user_172,synthetic_user_172@example.com,0.0,0.0,0,2025-11-30T09:02:58.821659+00:00
230,synthetic_user_173,synthetic_user_173@example.com,0.0,0.0,0,2025-11-30T09:02:58.975480+00:00
231,synthetic_user_174,synthetic_user_174@example.com,0.0,0.0,0,2025-11-30T09:02:59.129321+00:00
232,synthetic_user_175,synthetic_user_175@example.com,0.0,0.0,0,2025-11-30T09:02:59.283279+00:00
233,synthetic_user_176,synthetic_user_176@example.com,0.0,0.0,0,2025-11-30T09:02:59.440702+00:00
234,synthetic_user_177,synthetic_user_177@example.com,0.0,0.0,0,2025-11-30T09:02:59.590239+00:00
235,synthetic_user_178,synthetic_user_178@example.com,0.0,0.0,0,2025-11-30T09:02:59.743946+00:00
236,synthetic_user_179,synthetic_user_179@example.com,0.0,0.0,0,2025-11-30T09:02:59.896536+00:00
237,synthetic_user_180,synthetic_user_180@example.com,0.0,0.0,0,2025-11-30T09:03:00.046492+00:00
238,synthetic_user_181,synthetic_user_181@example.com,0.0,0.0,0,2025-11-30T09:03:00.200173+00:00
239,synthetic_user_182,synthetic_user_182@example.com,0.0,0.0,0,2025-11-30T09:03:00.350233+00:00
240,synthetic_user_183,synthetic_user_183@example.com,0.0,0.0,0,2025-11-30T09:03:00.504586+00:00
241,synthetic_user_184,synthetic_user_184@example.com,0.0,0.0,0,2025-11-30T09:03:00.659780+00:00
242,synthetic_user_185,synthetic_user_185@example.com,0.0,0.0,0,2025-11-30T09:03:00.816014+00:00
243,synthetic_user_186,synthetic_user_186@example.com,0.0,0.0,0,2025-11-30T09:03:00.970307+00:00
244,synthetic_user_187,synthetic_user_187@example.com,0.0,0.0,0,2025-11-30T09:03:01.122579+00:00
245,synthetic_user_188,synthetic_user_188@example.com,0.0,0.0,0,2025-11-30T09:03:01.289609+00:00
246,synthetic_user_189,synthetic_user_189@example.com,0.0,0.0,0,2025-11-30T09:03:01.446934+00:00
247,synthetic_user_190,synthetic_user_190@example.com,0.0,0.0,0,2025-11-30T09:03:01.605542+00:00
248,synthetic_user_191,synthetic_user_191@example.com,0.0,0.0,0,2025-11-30T09:03:01.753494+00:00
249,synthetic_user_192,synthetic_user_192@example.com,0.0,0.0,0,2025-11-30T09:03:01.910488+00:00
250,synthetic_user_193,synthetic_user_193@example.com,0.0,0.0,0,2025-11-30T09:03:02.063264+00:00
251,synthetic_user_194,synthetic_user_194@example.com,0.0,0.0,0,2025-11-30T09:03:02.214824+00:00
252,synthetic_user_195,synthetic_user_195@example.com,0.0,0.0,0,2025-11-30T09:03:02.370287+00:00
253,synthetic_user_196,synthetic_user_196@example.com,0.0,0.0,0,2025-11-30T09:03:02.522098+00:00
254,synthetic_user_197,synthetic_user_197@example.com,0.0,0.0,0,2025-11-30T09:03:02.680163+00:00
255,synthetic_user_198,synthetic_user_198@example.com,0.0,0.0,0,2025-11-30T09:03:02.830768+00:00
256,synthetic_user_199,synthetic_user_199@example.com,0.0,0.0,0,2025-11-30T09:03:02.985631+00:00
257,synthetic_user_200,synthetic_user_200@example.com,0.0,0.0,0,2025-11-30T09:03:03.137596+00:00
258,synthetic_user_201,synthetic_user_201@example.com,0.0,0.0,0,2025-11-30T09:03:03.290087+00:00
259,synthetic_user_202,synthetic_user_202@example.com,0.0,0.0,0,2025-11-30T09:03:03.447565+00:00
260,synthetic_user_203,synthetic_user_203@example.com,0.0,0.0,0,2025-11-30T09:03:03.598752+00:00
261,synthetic_user_204,synthetic_user_204@example.com,0.0,0.0,0,2025-11-30T09:03:03.749877+00:00
262,synthetic_user_205,synthetic_user_205@example.com,0.0,0.0,0,2025-11-30T09:03:03.900907+00:00
263,synthetic_user_206,synthetic_user_206@example.com,0.0,0.0,0,2025-11-30T09:03:04.053202+00:00
264,synthetic_user_207,synthetic_user_207@example.com,0.0,0.0,0,2025-11-30T09:03:04.205748+00:00
265,synthetic_user_208,synthetic_user_208@example.com,0.0,0.0,0,2025-11-30T09:03:04.355928+00:00
266,synthetic_user_209,synthetic_user_209@example.com,0.0,0.0,0,2025-11-30T09:03:04.525086+00:00
267,synthetic_user_210,synthetic_user_210@example.com,0.0,0.0,0,2025-11-30T09:03:04.678768+00:00
268,synthetic_user_211,synthetic_user_211@example.com,0.0,0.0,0,2025-11-30T09:03:04.833972+00:00
269,synthetic_user_212,synthetic_user_212@example.com,0.0,0.0,0,2025-11-30T09:03:04.986143+00:00
270,synthetic_user_213,synthetic_user_213@example.com,0.0,0.0,0,2025-11-30T09:03:05.140116+00:00
271,synthetic_user_214,synthetic_user_214@example.com,0.0,0.0,0,2025-11-30T09:03:05.295279+00:00
272,synthetic_user_215,synthetic_user_215@example.com,0.0,0.0,0,2025-11-30T09:03:05.448459+00:00
273,synthetic_user_216,synthetic_user_216@example.com,0.0,0.0,0,2025-11-30T09:03:05.600412+00:00
274,synthetic_user_217,synthetic_user_217@example.com,0.0,0.0,0,2025-11-30T09:03:05.754313+00:00
275,synthetic_user_218,synthetic_user_218@example.com,0.0,0.0,0,2025-11-30T09:03:05.905583+00:00
276,synthetic_user_219,synthetic_user_219@example.com,0.0,0.0,0,2025-11-30T09:03:06.061589+00:00
277,synthetic_user_220,synthetic_user_220@example.com,0.0,0.0,0,2025-11-30T09:03:06.213980+00:00
278,synthetic_user_221,synthetic_user_221@example.com,0.0,0.0,0,2025-11-30T09:03:06.363993+00:00
279,synthetic_user_222,synthetic_user_222@example.com,0.0,0.0,0,2025-11-30T09:03:06.518512+00:00
280,synthetic_user_223,synthetic_user_223@example.com,0.0,0.0,0,2025-11-30T09:03:06.669142+00:00
281,synthetic_user_224,synthetic_user_224@example.com,0.0,0.0,0,2025-11-30T09:03:06.821289+00:00
282,synthetic_user_225,synthetic_user_225@example.com,0.0,0.0,0,2025-11-30T09:03:06.974397+00:00
283,synthetic_user_226,synthetic_user_226@example.com,0.0,0.0,0,2025-11-30T09:03:07.128703+00:00
284,synthetic_user_227,synthetic_user_227@example.com,0.0,0.0,0,2025-11-30T09:03:07.289140+00:00
285,synthetic_user_228,synthetic_user_228@example.com,0.0,0.0,0,2025-11-30T09:03:07.440693+00:00
286,synthetic_user_229,synthetic_user_229@example.com,0.0,0.0,0,2025-11-30T09:03:07.602924+00:00
287,synthetic_user_230,synthetic_user_230@example.com,0.0,0.0,0,2025-11-30T09:03:07.757957+00:00
288,synthetic_user_231,synthetic_user_231@example.com,0.0,0.0,0,2025-11-30T09:03:07.913470+00:00
289,synthetic_user_232,synthetic_user_232@example.com,0.0,0.0,0,2025-11-30T09:03:08.071087+00:00
290,synthetic_user_233,synthetic_user_233@example.com,0.0,0.0,0,2025-11-30T09:03:08.224205+00:00
291,synthetic_user_234,synthetic_user_234@example.com,0.0,0.0,0,2025-11-30T09:03:08.388603+00:00
292,synthetic_user_235,synthetic_user_235@example.com,0.0,0.0,0,2025-11-30T09:03:08.555664+00:00
293,synthetic_user_236,synthetic_user_236@example.com,0.0,0.0,0,2025-11-30T09:03:08.805482+00:00
294,synthetic_user_237,synthetic_user_237@example.com,0.0,0.0,0,2025-11-30T09:03:08.999570+00:00
295,synthetic_user_238,synthetic_user_238@example.com,0.0,0.0,0,2025-11-30T09:03:09.176937+00:00
296,synthetic_user_239,synthetic_user_239@example.com,0.0,0.0,0,2025-11-30T09:03:09.361221+00:00
297,synthetic_user_240,synthetic_user_240@example.com,0.0,0.0,0,2025-11-30T09:03:09.531729+00:00
298,synthetic_user_241,synthetic_user_241@example.com,0.0,0.0,0,2025-11-30T09:03:09.687840+00:00
299,synthetic_user_242,synthetic_user_242@example.com,0.0,0.0,0,2025-11-30T09:03:09.846365+00:00
300,synthetic_user_243,synthetic_user_243@example.com,0.0,0.0,0,2025-11-30T09:03:10.002131+00:00
301,synthetic_user_244,synthetic_user_244@example.com,0.0,0.0,0,2025-11-30T09:03:10.160687+00:00
302,synthetic_user_245,synthetic_user_245@example.com,0.0,0.0,0,2025-11-30T09:03:10.325294+00:00
303,synthetic_user_246,synthetic_user_246@example.com,0.0,0.0,0,2025-11-30T09:03:10.484393+00:00
304,synthetic_user_247,synthetic_user_247@example.com,0.0,0.0,0,2025-11-30T09:03:10.644534+00:00
305,synthetic_user_248,synthetic_user_248@example.com,0.0,0.0,0,2025-11-30T09:03:10.800358+00:00
306,synthetic_user_249,synthetic_user_249@example.com,0.0,0.0,0,2025-11-30T09:03:10.951816+00:00
307,synthetic_user_250,synthetic_user_250@example.com,0.0,0.0,0,2025-11-30T09:03:11.109699+00:00
308,synthetic_user_251,synthetic_user_251@example.com,0.0,0.0,0,2025-11-30T09:03:11.273082+00:00
309,synthetic_user_252,synthetic_user_252@example.com,0.0,0.0,0,2025-11-30T09:03:11.462975+00:00
310,synthetic_user_253,synthetic_user_253@example.com,0.0,0.0,0,2025-11-30T09:03:11.642501+00:00
311,synthetic_user_254,synthetic_user_254@example.com,0.0,0.0,0,2025-11-30T09:03:11.808328+00:00
312,synthetic_user_255,synthetic_user_255@example.com,0.0,0.0,0,2025-11-30T09:03:11.968948+00:00
313,synthetic_user_256,synthetic_user_256@example.com,0.0,0.0,0,2025-11-30T09:03:12.130053+00:00
314,synthetic_user_257,synthetic_user_257@example.com,0.0,0.0,0,2025-11-30T09:03:12.285686+00:00
315,synthetic_user_258,synthetic_user_258@example.com,0.0,0.0,0,2025-11-30T09:03:12.439292+00:00
316,synthetic_user_259,synthetic_user_259@example.com,0.0,0.0,0,2025-11-30T09:03:12.595387+00:00
317,synthetic_user_260,synthetic_user_260@example.com,0.0,0.0,0,2025-11-30T09:03:12.756416+00:00
318,synthetic_user_261,synthetic_user_261@example.com,0.0,0.0,0,2025-11-30T09:03:12.920982+00:00
319,synthetic_user_262,synthetic_user_262@example.com,0.0,0.0,0,2025-11-30T09:03:13.086042+00:00
320,synthetic_user_263,synthetic_user_263@example.com,0.0,0.0,0,2025-11-30T09:03:13.245864+00:00
321,synthetic_user_264,synthetic_user_264@example.com,0.0,0.0,0,2025-11-30T09:03:13.410533+00:00
322,synthetic_user_265,synthetic_user_265@example.com,0.0,0.0,0,2025-11-30T09:03:13.563910+00:00
323,synthetic_user_266,synthetic_user_266@example.com,0.0,0.0,0,2025-11-30T09:03:13.718387+00:00
324,synthetic_user_267,synthetic_user_267@example.com,0.0,0.0,0,2025-11-30T09:03:13.902755+00:00
325,synthetic_user_268,synthetic_user_268@example.com,0.0,0.0,0,2025-11-30T09:03:14.075789+00:00
326,synthetic_user_269,synthetic_user_269@example.com,0.0,0.0,0,2025-11-30T09:03:14.240754+00:00
327,synthetic_user_270,synthetic_user_270@example.com,0.0,0.0,0,2025-11-30T09:03:14.399537+00:00
328,synthetic_user_271,synthetic_user_271@example.com,0.0,0.0,0,2025-11-30T09:03:14.552699+00:00
329,synthetic_user_272,synthetic_user_272@example.com,0.0,0.0,0,2025-11-30T09:03:14.703736+00:00
330,synthetic_user_273,synthetic_user_273@example.com,0.0,0.0,0,2025-11-30T09:03:14.859305+00:00
331,synthetic_user_274,synthetic_user_274@example.com,0.0,0.0,0,2025-11-30T09:03:15.015001+00:00
332,synthetic_user_275,synthetic_user_275@example.com,0.0,0.0,0,2025-11-30T09:03:15.169125+00:00
333,synthetic_user_276,synthetic_user_276@example.com,0.0,0.0,0,2025-11-30T09:03:15.321910+00:00
334,synthetic_user_277,synthetic_user_277@example.com,0.0,0.0,0,2025-11-30T09:03:15.483104+00:00
335,synthetic_user_278,synthetic_user_278@example.com,0.0,0.0,0,2025-11-30T09:03:15.638728+00:00
336,synthetic_user_279,synthetic_user_279@example.com,0.0,0.0,0,2025-11-30T09:03:15.797104+00:00
337,synthetic_user_280,synthetic_user_280@example.com,0.0,0.0,0,2025-11-30T09:03:15.953034+00:00
338,synthetic_user_281,synthetic_user_281@example.com,0.0,0.0,0,2025-11-30T09:03:16.104690+00:00
339,synthetic_user_282,synthetic_user_282@example.com,0.0,0.0,0,2025-11-30T09:03:16.260956+00:00
340,synthetic_user_283,synthetic_user_283@example.com,0.0,0.0,0,2025-11-30T09:03:16.419294+00:00
341,synthetic_user_284,synthetic_user_284@example.com,0.0,0.0,0,2025-11-30T09:03:16.578144+00:00
342,synthetic_user_285,synthetic_user_285@example.com,0.0,0.0,0,2025-11-30T09:03:16.743955+00:00
343,synthetic_user_286,synthetic_user_286@example.com,0.0,0.0,0,2025-11-30T09:03:16.902459+00:00
344,synthetic_user_287,synthetic_user_287@example.com,0.0,0.0,0,2025-11-30T09:03:17.058662+00:00
345,synthetic_user_288,synthetic_user_288@example.com,0.0,0.0,0,2025-11-30T09:03:17.214239+00:00
346,synthetic_user_289,synthetic_user_289@example.com,0.0,0.0,0,2025-11-30T09:03:17.368818+00:00
347,synthetic_user_290,synthetic_user_290@example.com,0.0,0.0,0,2025-11-30T09:03:17.521466+00:00
348,synthetic_user_291,synthetic_user_291@example.com,0.0,0.0,0,2025-11-30T09:03:17.674959+00:00
349,synthetic_user_292,synthetic_user_292@example.com,0.0,0.0,0,2025-11-30T09:03:17.830995+00:00
350,synthetic_user_293,synthetic_user_293@example.com,0.0,0.0,0,2025-11-30T09:03:17.992381+00:00
351,synthetic_user_294,synthetic_user_294@example.com,0.0,0.0,0,2025-11-30T09:03:18.146663+00:00
352,synthetic_user_295,synthetic_user_295@example.com,0.0,0.0,0,2025-11-30T09:03:18.300622+00:00
353,synthetic_user_296,synthetic_user_296@example.com,0.0,0.0,0,2025-11-30T09:03:18.453875+00:00
354,synthetic_user_297,synthetic_user_297@example.com,0.0,0.0,0,2025-11-30T09:03:18.610532+00:00
355,synthetic_user_298,synthetic_user_298@example.com,0.0,0.0,0,2025-11-30T09:03:18.774298+00:00
356,synthetic_user_299,synthetic_user_299@example.com,0.0,0.0,0,2025-11-30T09:03:18.928577+00:00
357,synthetic_user_300,synthetic_user_300@example.com,0.0,0.0,0,2025-11-30T09:03:19.095286+00:00
358,synthetic_user_301,synthetic_user_301@example.com,0.0,0.0,0,2025-11-30T09:03:19.258363+00:00
359,synthetic_user_302,synthetic_user_302@example.com,0.0,0.0,0,2025-11-30T09:03:19.418759+00:00
360,synthetic_user_303,synthetic_user_303@example.com,0.0,0.0,0,2025-11-30T09:03:19.579631+00:00
361,synthetic_user_304,synthetic_user_304@example.com,0.0,0.0,0,2025-11-30T09:03:19.732606+00:00
362,synthetic_user_305,synthetic_user_305@example.com,0.0,0.0,0,2025-11-30T09:03:19.889173+00:00
363,synthetic_user_306,synthetic_user_306@example.com,0.0,0.0,0,2025-11-30T09:03:20.040770+00:00
364,synthetic_user_307,synthetic_user_307@example.com,0.0,0.0,0,2025-11-30T09:03:20.197677+00:00
365,synthetic_user_308,synthetic_user_308@example.com,0.0,0.0,0,2025-11-30T09:03:20.355951+00:00
366,synthetic_user_309,synthetic_user_309@example.com,0.0,0.0,0,2025-11-30T09:03:20.517969+00:00
367,synthetic_user_310,synthetic_user_310@example.com,0.0,0.0,0,2025-11-30T09:03:20.678506+00:00
368,synthetic_user_311,synthetic_user_311@example.com,0.0,0.0,0,2025-11-30T09:03:20.833081+00:00
369,synthetic_user_312,synthetic_user_312@example.com,0.0,0.0,0,2025-11-30T09:03:20.989245+00:00
370,synthetic_user_313,synthetic_user_313@example.com,0.0,0.0,0,2025-11-30T09:03:21.146562+00:00
371,synthetic_user_314,synthetic_user_314@example.com,0.0,0.0,0,2025-11-30T09:03:21.312609+00:00
372,synthetic_user_315,synthetic_user_315@example.com,0.0,0.0,0,2025-11-30T09:03:21.484843+00:00
373,synthetic_user_316,synthetic_user_316@example.com,0.0,0.0,0,2025-11-30T09:03:21.658983+00:00
374,synthetic_user_317,synthetic_user_317@example.com,0.0,0.0,0,2025-11-30T09:03:21.832217+00:00
375,synthetic_user_318,synthetic_user_318@example.com,0.0,0.0,0,2025-11-30T09:03:22.000574+00:00
376,synthetic_user_319,synthetic_user_319@example.com,0.0,0.0,0,2025-11-30T09:03:22.162879+00:00
377,synthetic_user_320,synthetic_user_320@example.com,0.0,0.0,0,2025-11-30T09:03:22.317574+00:00
378,synthetic_user_321,synthetic_user_321@example.com,0.0,0.0,0,2025-11-30T09:03:22.473868+00:00
379,synthetic_user_322,synthetic_user_322@example.com,0.0,0.0,0,2025-11-30T09:03:22.627919+00:00
380,synthetic_user_323,synthetic_user_323@example.com,0.0,0.0,0,2025-11-30T09:03:22.780768+00:00
381,synthetic_user_324,synthetic_user_324@example.com,0.0,0.0,0,2025-11-30T09:03:22.943940+00:00
382,synthetic_user_325,synthetic_user_325@example.com,0.0,0.0,0,2025-11-30T09:03:23.100526+00:00
383,synthetic_user_326,synthetic_user_326@example.com,0.0,0.0,0,2025-11-30T09:03:23.257546+00:00
384,synthetic_user_327,synthetic_user_327@example.com,0.0,0.0,0,2025-11-30T09:03:23.417714+00:00
385,synthetic_user_328,synthetic_user_328@example.com,0.0,0.0,0,2025-11-30T09:03:23.577553+00:00
386,synthetic_user_329,synthetic_user_329@example.com,0.0,0.0,0,2025-11-30T09:03:23.731471+00:00
387,synthetic_user_330,synthetic_user_330@example.com,0.0,0.0,0,2025-11-30T09:03:23.920879+00:00
388,synthetic_user_331,synthetic_user_331@example.com,0.0,0.0,0,2025-11-30T09:03:24.081058+00:00
389,synthetic_user_332,synthetic_user_332@example.com,0.0,0.0,0,2025-11-30T09:03:24.241326+00:00
390,synthetic_user_333,synthetic_user_333@example.com,0.0,0.0,0,2025-11-30T09:03:24.403244+00:00
391,synthetic_user_334,synthetic_user_334@example.com,0.0,0.0,0,2025-11-30T09:03:24.562614+00:00
392,synthetic_user_335,synthetic_user_335@example.com,0.0,0.0,0,2025-11-30T09:03:24.723984+00:00
393,synthetic_user_336,synthetic_user_336@example.com,0.0,0.0,0,2025-11-30T09:03:24.880003+00:00
394,synthetic_user_337,synthetic_user_337@example.com,0.0,0.0,0,2025-11-30T09:03:25.034539+00:00
395,synthetic_user_338,synthetic_user_338@example.com,0.0,0.0,0,2025-11-30T09:03:25.189922+00:00
396,synthetic_user_339,synthetic_user_339@example.com,0.0,0.0,0,2025-11-30T09:03:25.344320+00:00
397,synthetic_user_340,synthetic_user_340@example.com,0.0,0.0,0,2025-11-30T09:03:25.495786+00:00
398,synthetic_user_341,synthetic_user_341@example.com,0.0,0.0,0,2025-11-30T09:03:25.657201+00:00
399,synthetic_user_342,synthetic_user_342@example.com,0.0,0.0,0,2025-11-30T09:03:25.815563+00:00
400,synthetic_user_343,synthetic_user_343@example.com,0.0,0.0,0,2025-11-30T09:03:25.976622+00:00
401,synthetic_user_344,synthetic_user_344@example.com,0.0,0.0,0,2025-11-30T09:03:26.130157+00:00
402,synthetic_user_345,synthetic_user_345@example.com,0.0,0.0,0,2025-11-30T09:03:26.284014+00:00
403,synthetic_user_346,synthetic_user_346@example.com,0.0,0.0,0,2025-11-30T09:03:26.437868+00:00
404,synthetic_user_347,synthetic_user_347@example.com,0.0,0.0,0,2025-11-30T09:03:26.592823+00:00
405,synthetic_user_348,synthetic_user_348@example.com,0.0,0.0,0,2025-11-30T09:03:26.759427+00:00
406,synthetic_user_349,synthetic_user_349@example.com,0.0,0.0,0,2025-11-30T09:03:26.921367+00:00
407,synthetic_user_350,synthetic_user_350@example.com,0.0,0.0,0,2025-11-30T09:03:27.085037+00:00
408,synthetic_user_351,synthetic_user_351@example.com,0.0,0.0,0,2025-11-30T09:03:27.240164+00:00
409,synthetic_user_352,synthetic_user_352@example.com,0.0,0.0,0,2025-11-30T09:03:27.395659+00:00
410,synthetic_user_353,synthetic_user_353@example.com,0.0,0.0,0,2025-11-30T09:03:27.548613+00:00
411,synthetic_user_354,synthetic_user_354@example.com,0.0,0.0,0,2025-11-30T09:03:27.719486+00:00
412,synthetic_user_355,synthetic_user_355@example.com,0.0,0.0,0,2025-11-30T09:03:27.885604+00:00
413,synthetic_user_356,synthetic_user_356@example.com,0.0,0.0,0,2025-11-30T09:03:28.053406+00:00
414,synthetic_user_357,synthetic_user_357@example.com,0.0,0.0,0,2025-11-30T09:03:28.234777+00:00
415,synthetic_user_358,synthetic_user_358@example.com,0.0,0.0,0,2025-11-30T09:03:28.403386+00:00
416,synthetic_user_359,synthetic_user_359@example.com,0.0,0.0,0,2025-11-30T09:03:28.571073+00:00
417,synthetic_user_360,synthetic_user_360@example.com,0.0,0.0,0,2025-11-30T09:03:28.727929+00:00
418,synthetic_user_361,synthetic_user_361@example.com,0.0,0.0,0,2025-11-30T09:03:28.884828+00:00
419,synthetic_user_362,synthetic_user_362@example.com,0.0,0.0,0,2025-11-30T09:03:29.040260+00:00
420,synthetic_user_363,synthetic_user_363@example.com,0.0,0.0,0,2025-11-30T09:03:29.194912+00:00
421,synthetic_user_364,synthetic_user_364@example.com,0.0,0.0,0,2025-11-30T09:03:29.357068+00:00
422,synthetic_user_365,synthetic_user_365@example.com,0.0,0.0,0,2025-11-30T09:03:29.518912+00:00
423,synthetic_user_366,synthetic_user_366@example.com,0.0,0.0,0,2025-11-30T09:03:29.682829+00:00
424,synthetic_user_367,synthetic_user_367@example.com,0.0,0.0,0,2025-11-30T09:03:29.868863+00:00
425,synthetic_user_368,synthetic_user_368@example.com,0.0,0.0,0,2025-11-30T09:03:30.044501+00:00
426,synthetic_user_369,synthetic_user_369@example.com,0.0,0.0,0,2025-11-30T09:03:30.209386+00:00
427,synthetic_user_370,synthetic_user_370@example.com,0.0,0.0,0,2025-11-30T09:03:30.365003+00:00
428,synthetic_user_371,synthetic_user_371@example.com,0.0,0.0,0,2025-11-30T09:03:30.519015+00:00
429,synthetic_user_372,synthetic_user_372@example.com,0.0,0.0,0,2025-11-30T09:03:30.675407+00:00
430,synthetic_user_373,synthetic_user_373@example.com,0.0,0.0,0,2025-11-30T09:03:30.845829+00:00
431,synthetic_user_374,synthetic_user_374@example.com,0.0,0.0,0,2025-11-30T09:03:31.011160+00:00
432,synthetic_user_375,synthetic_user_375@example.com,0.0,0.0,0,2025-11-30T09:03:31.169447+00:00
433,synthetic_user_376,synthetic_user_376@example.com,0.0,0.0,0,2025-11-30T09:03:31.337047+00:00
434,synthetic_user_377,synthetic_user_377@example.com,0.0,0.0,0,2025-11-30T09:03:31.512178+00:00
435,synthetic_user_378,synthetic_user_378@example.com,0.0,0.0,0,2025-11-30T09:03:31.677111+00:00
436,synthetic_user_379,synthetic_user_379@example.com,0.0,0.0,0,2025-11-30T09:03:31.848343+00:00
437,synthetic_user_380,synthetic_user_380@example.com,0.0,0.0,0,2025-11-30T09:03:32.009684+00:00
438,synthetic_user_381,synthetic_user_381@example.com,0.0,0.0,0,2025-11-30T09:03:32.173565+00:00
439,synthetic_user_382,synthetic_user_382@example.com,0.0,0.0,0,2025-11-30T09:03:32.333361+00:00
440,synthetic_user_383,synthetic_user_383@example.com,0.0,0.0,0,2025-11-30T09:03:32.495526+00:00
441,synthetic_user_384,synthetic_user_384@example.com,0.0,0.0,0,2025-11-30T09:03:32.653169+00:00
442,synthetic_user_385,synthetic_user_385@example.com,0.0,0.0,0,2025-11-30T09:03:32.806706+00:00
443,synthetic_user_386,synthetic_user_386@example.com,0.0,0.0,0,2025-11-30T09:03:32.963011+00:00
444,synthetic_user_387,synthetic_user_387@example.com,0.0,0.0,0,2025-11-30T09:03:33.114920+00:00
445,synthetic_user_388,synthetic_user_388@example.com,0.0,0.0,0,2025-11-30T09:03:33.270238+00:00
446,synthetic_user_389,synthetic_user_389@example.com,0.0,0.0,0,2025-11-30T09:03:33.437713+00:00
447,synthetic_user_390,synthetic_user_390@example.com,0.0,0.0,0,2025-11-30T09:03:33.599739+00:00
448,synthetic_user_391,synthetic_user_391@example.com,0.0,0.0,0,2025-11-30T09:03:33.755009+00:00
449,synthetic_user_392,synthetic_user_392@example.com,0.0,0.0,0,2025-11-30T09:03:33.905637+00:00
450,synthetic_user_393,synthetic_user_393@example.com,0.0,0.0,0,2025-11-30T09:03:34.056762+00:00
451,synthetic_user_394,synthetic_user_394@example.com,0.0,0.0,0,2025-11-30T09:03:34.212238+00:00
452,synthetic_user_395,synthetic_user_395@example.com,0.0,0.0,0,2025-11-30T09:03:34.366956+00:00
453,synthetic_user_396,synthetic_user_396@example.com,0.0,0.0,0,2025-11-30T09:03:34.524326+00:00
454,synthetic_user_397,synthetic_user_397@example.com,0.0,0.0,0,2025-11-30T09:03:34.686530+00:00
455,synthetic_user_398,synthetic_user_398@example.com,0.0,0.0,0,2025-11-30T09:03:34.848646+00:00
456,synthetic_user_399,synthetic_user_399@example.com,0.0,0.0,0,2025-11-30T09:03:34.999435+00:00
457,synthetic_user_400,synthetic_user_400@example.com,0.0,0.0,0,2025-11-30T09:03:35.167741+00:00
458,synthetic_user_401,synthetic_user_401@example.com,0.0,0.0,0,2025-11-30T09:03:35.351583+00:00
459,synthetic_user_402,synthetic_user_402@example.com,0.0,0.0,0,2025-11-30T09:03:35.512219+00:00
460,synthetic_user_403,synthetic_user_403@example.com,0.0,0.0,0,2025-11-30T09:03:35.681167+00:00
461,synthetic_user_404,synthetic_user_404@example.com,0.0,0.0,0,2025-11-30T09:03:35.837594+00:00
462,synthetic_user_405,synthetic_user_405@example.com,0.0,0.0,0,2025-11-30T09:03:35.998103+00:00
463,synthetic_user_406,synthetic_user_406@example.com,0.0,0.0,0,2025-11-30T09:03:36.155185+00:00
464,synthetic_user_407,synthetic_user_407@example.com,0.0,0.0,0,2025-11-30T09:03:36.312908+00:00
465,synthetic_user_408,synthetic_user_408@example.com,0.0,0.0,0,2025-11-30T09:03:36.471038+00:00
466,synthetic_user_409,synthetic_user_409@example.com,0.0,0.0,0,2025-11-30T09:03:36.626934+00:00
467,synthetic_user_410,synthetic_user_410@example.com,0.0,0.0,0,2025-11-30T09:03:36.781007+00:00
468,synthetic_user_411,synthetic_user_411@example.com,0.0,0.0,0,2025-11-30T09:03:36.935043+00:00
469,synthetic_user_412,synthetic_user_412@example.com,0.0,0.0,0,2025-11-30T09:03:37.086822+00:00
470,synthetic_user_413,synthetic_user_413@example.com,0.0,0.0,0,2025-11-30T09:03:37.244716+00:00
471,synthetic_user_414,synthetic_user_414@example.com,0.0,0.0,0,2025-11-30T09:03:37.402142+00:00
472,synthetic_user_415,synthetic_user_415@example.com,0.0,0.0,0,2025-11-30T09:03:37.557050+00:00
473,synthetic_user_416,synthetic_user_416@example.com,0.0,0.0,0,2025-11-30T09:03:37.712990+00:00
474,synthetic_user_417,synthetic_user_417@example.com,0.0,0.0,0,2025-11-30T09:03:37.865252+00:00
475,synthetic_user_418,synthetic_user_418@example.com,0.0,0.0,0,2025-11-30T09:03:38.017141+00:00
476,synthetic_user_419,synthetic_user_419@example.com,0.0,0.0,0,2025-11-30T09:03:38.171020+00:00
477,synthetic_user_420,synthetic_user_420@example.com,0.0,0.0,0,2025-11-30T09:03:38.321702+00:00
478,synthetic_user_421,synthetic_user_421@example.com,0.0,0.0,0,2025-11-30T09:03:38.484637+00:00
479,synthetic_user_422,synthetic_user_422@example.com,0.0,0.0,0,2025-11-30T09:03:38.639349+00:00
480,synthetic_user_423,synthetic_user_423@example.com,0.0,0.0,0,2025-11-30T09:03:38.794783+00:00
481,synthetic_user_424,synthetic_user_424@example.com,0.0,0.0,0,2025-11-30T09:03:38.951804+00:00
482,synthetic_user_425,synthetic_user_425@example.com,0.0,0.0,0,2025-11-30T09:03:39.125835+00:00
483,synthetic_user_426,synthetic_user_426@example.com,0.0,0.0,0,2025-11-30T09:03:39.289742+00:00
484,synthetic_user_427,synthetic_user_427@example.com,0.0,0.0,0,2025-11-30T09:03:39.448178+00:00
485,synthetic_user_428,synthetic_user_428@example.com,0.0,0.0,0,2025-11-30T09:03:39.604426+00:00
486,synthetic_user_429,synthetic_user_429@example.com,0.0,0.0,0,2025-11-30T09:03:39.762202+00:00
487,synthetic_user_430,synthetic_user_430@example.com,0.0,0.0,0,2025-11-30T09:03:39.920056+00:00
488,synthetic_user_431,synthetic_user_431@example.com,0.0,0.0,0,2025-11-30T09:03:40.076585+00:00
489,synthetic_user_432,synthetic_user_432@example.com,0.0,0.0,0,2025-11-30T09:03:40.229705+00:00
490,synthetic_user_433,synthetic_user_433@example.com,0.0,0.0,0,2025-11-30T09:03:40.385057+00:00
491,synthetic_user_434,synthetic_user_434@example.com,0.0,0.0,0,2025-11-30T09:03:40.541628+00:00
492,synthetic_user_435,synthetic_user_435@example.com,0.0,0.0,0,2025-11-30T09:03:40.696328+00:00
493,synthetic_user_436,synthetic_user_436@example.com,0.0,0.0,0,2025-11-30T09:03:40.854700+00:00
494,synthetic_user_437,synthetic_user_437@example.com,0.0,0.0,0,2025-11-30T09:03:41.020042+00:00
495,synthetic_user_438,synthetic_user_438@example.com,0.0,0.0,0,2025-11-30T09:03:41.188758+00:00
496,synthetic_user_439,synthetic_user_439@example.com,0.0,0.0,0,2025-11-30T09:03:41.366380+00:00
497,synthetic_user_440,synthetic_user_440@example.com,0.0,0.0,0,2025-11-30T09:03:41.534200+00:00
498,synthetic_user_441,synthetic_user_441@example.com,0.0,0.0,0,2025-11-30T09:03:41.699601+00:00
499,synthetic_user_442,synthetic_user_442@example.com,0.0,0.0,0,2025-11-30T09:03:41.869165+00:00
500,synthetic_user_443,synthetic_user_443@example.com,0.0,0.0,0,2025-11-30T09:03:42.029592+00:00
501,synthetic_user_444,synthetic_user_444@example.com,0.0,0.0,0,2025-11-30T09:03:42.189732+00:00
502,synthetic_user_445,synthetic_user_445@example.com,0.0,0.0,0,2025-11-30T09:03:42.355070+00:00
503,synthetic_user_446,synthetic_user_446@example.com,0.0,0.0,0,2025-11-30T09:03:42.514586+00:00
504,synthetic_user_447,synthetic_user_447@example.com,0.0,0.0,0,2025-11-30T09:03:42.669477+00:00
505,synthetic_user_448,synthetic_user_448@example.com,0.0,0.0,0,2025-11-30T09:03:42.824556+00:00
506,synthetic_user_449,synthetic_user_449@example.com,0.0,0.0,0,2025-11-30T09:03:42.977866+00:00
507,synthetic_user_450,synthetic_user_450@example.com,0.0,0.0,0,2025-11-30T09:03:43.131999+00:00
508,synthetic_user_451,synthetic_user_451@example.com,0.0,0.0,0,2025-11-30T09:03:43.287764+00:00
509,synthetic_user_452,synthetic_user_452@example.com,0.0,0.0,0,2025-11-30T09:03:43.493153+00:00
510,synthetic_user_453,synthetic_user_453@example.com,0.0,0.0,0,2025-11-30T09:03:43.660281+00:00
511,synthetic_user_454,synthetic_user_454@example.com,0.0,0.0,0,2025-11-30T09:03:43.822527+00:00
512,synthetic_user_455,synthetic_user_455@example.com,0.0,0.0,0,2025-11-30T09:03:43.977450+00:00
513,synthetic_user_456,synthetic_user_456@example.com,0.0,0.0,0,2025-11-30T09:03:44.159883+00:00
514,synthetic_user_457,synthetic_user_457@example.com,0.0,0.0,0,2025-11-30T09:03:44.317468+00:00
515,synthetic_user_458,synthetic_user_458@example.com,0.0,0.0,0,2025-11-30T09:03:44.479686+00:00
516,synthetic_user_459,synthetic_user_459@example.com,0.0,0.0,0,2025-11-30T09:03:44.634524+00:00
517,synthetic_user_460,synthetic_user_460@example.com,0.0,0.0,0,2025-11-30T09:03:44.793682+00:00
518,synthetic_user_461,synthetic_user_461@example.com,0.0,0.0,0,2025-11-30T09:03:44.958868+00:00
519,synthetic_user_462,synthetic_user_462@example.com,0.0,0.0,0,2025-11-30T09:03:45.120428+00:00
520,synthetic_user_463,synthetic_user_463@example.com,0.0,0.0,0,2025-11-30T09:03:45.281060+00:00
521,synthetic_user_464,synthetic_user_464@example.com,0.0,0.0,0,2025-11-30T09:03:45.437342+00:00
522,synthetic_user_465,synthetic_user_465@example.com,0.0,0.0,0,2025-11-30T09:03:45.593578+00:00
523,synthetic_user_466,synthetic_user_466@example.com,0.0,0.0,0,2025-11-30T09:03:45.750900+00:00
524,synthetic_user_467,synthetic_user_467@example.com,0.0,0.0,0,2025-11-30T09:03:45.906589+00:00
525,synthetic_user_468,synthetic_user_468@example.com,0.0,0.0,0,2025-11-30T09:03:46.074866+00:00
526,synthetic_user_469,synthetic_user_469@example.com,0.0,0.0,0,2025-11-30T09:03:46.243650+00:00
527,synthetic_user_470,synthetic_user_470@example.com,0.0,0.0,0,2025-11-30T09:03:46.402465+00:00
528,synthetic_user_471,synthetic_user_471@example.com,0.0,0.0,0,2025-11-30T09:03:46.562775+00:00
529,synthetic_user_472,synthetic_user_472@example.com,0.0,0.0,0,2025-11-30T09:03:46.734041+00:00
530,synthetic_user_473,synthetic_user_473@example.com,0.0,0.0,0,2025-11-30T09:03:46.899212+00:00
531,synthetic_user_474,synthetic_user_474@example.com,0.0,0.0,0,2025-11-30T09:03:47.056981+00:00
532,synthetic_user_475,synthetic_user_475@example.com,0.0,0.0,0,2025-11-30T09:03:47.212526+00:00
533,synthetic_user_476,synthetic_user_476@example.com,0.0,0.0,0,2025-11-30T09:03:47.372848+00:00
534,synthetic_user_477,synthetic_user_477@example.com,0.0,0.0,0,2025-11-30T09:03:47.536597+00:00
535,synthetic_user_478,synthetic_user_478@example.com,0.0,0.0,0,2025-11-30T09:03:47.700686+00:00
536,synthetic_user_479,synthetic_user_479@example.com,0.0,0.0,0,2025-11-30T09:03:47.856533+00:00
537,synthetic_user_480,synthetic_user_480@example.com,0.0,0.0,0,2025-11-30T09:03:48.010665+00:00
538,synthetic_user_481,synthetic_user_481@example.com,0.0,0.0,0,2025-11-30T09:03:48.163561+00:00
539,synthetic_user_482,synthetic_user_482@example.com,0.0,0.0,0,2025-11-30T09:03:48.314799+00:00
540,synthetic_user_483,synthetic_user_483@example.com,0.0,0.0,0,2025-11-30T09:03:48.468541+00:00
541,synthetic_user_484,synthetic_user_484@example.com,0.0,0.0,0,2025-11-30T09:03:48.628172+00:00
542,synthetic_user_485,synthetic_user_485@example.com,0.0,0.0,0,2025-11-30T09:03:48.791528+00:00
543,synthetic_user_486,synthetic_user_486@example.com,0.0,0.0,0,2025-11-30T09:03:48.952380+00:00
544,synthetic_user_487,synthetic_user_487@example.com,0.0,0.0,0,2025-11-30T09:03:49.104670+00:00
545,synthetic_user_488,synthetic_user_488@example.com,0.0,0.0,0,2025-11-30T09:03:49.257779+00:00
546,synthetic_user_489,synthetic_user_489@example.com,0.0,0.0,0,2025-11-30T09:03:49.413797+00:00
547,synthetic_user_490,synthetic_user_490@example.com,0.0,0.0,0,2025-11-30T09:03:49.567894+00:00
548,synthetic_user_491,synthetic_user_491@example.com,0.0,0.0,0,2025-11-30T09:03:49.722412+00:00
549,synthetic_user_492,synthetic_user_492@example.com,0.0,0.0,0,2025-11-30T09:03:49.875123+00:00
550,synthetic_user_493,synthetic_user_493@example.com,0.0,0.0,0,2025-11-30T09:03:50.031057+00:00
551,synthetic_user_494,synthetic_user_494@example.com,0.0,0.0,0,2025-11-30T09:03:50.187991+00:00
552,synthetic_user_495,synthetic_user_495@example.com,0.0,0.0,0,2025-11-30T09:03:50.341189+00:00
553,synthetic_user_496,synthetic_user_496@example.com,0.0,0.0,0,2025-11-30T09:03:50.493939+00:00
554,synthetic_user_497,synthetic_user_497@example.com,0.0,0.0,0,2025-11-30T09:03:50.646636+00:00
555,synthetic_user_498,synthetic_user_498@example.com,0.0,0.0,0,2025-11-30T09:03:50.804135+00:00
556,synthetic_user_499,synthetic_user_499@example.com,0.0,0.0,0,2025-11-30T09:03:50.957278+00:00
