id,onchain_tx_id,event_name,tx_hash,log_index,market_id,user_address,payload_json,processed_at,duplicate,created_at
4,4,LiquidityAdded,0x01efcd068466,0,25,0x0af49b,"{""amount"": 70.53581588333847, ""outcome"": null}",2025-11-30T09:04:54.214557+00:00,False,2025-11-30T09:04:54.214865+00:00
5,5,LiquidityAdded,0x02e99805fd1d,0,,0x05f1a8,"{""amount"": 29.907466807306506, ""outcome"": null}",2025-11-30T09:04:54.220916+00:00,False,2025-11-30T09:04:54.221099+00:00
6,6,LiquidityAdded,0x06cf1f0b7f11,0,29,0x09c1c4,"{""amount"": 97.21227054639341, ""outcome"": null}",2025-11-30T09:04:54.225868+00:00,False,2025-11-30T09:04:54.226124+00:00
7,6,TradeExecuted,0x06cf1f0b7f11,1,,0x06cfa4,"{""amount"": 72.66152432039583, ""outcome"": ""YES""}",2025-11-30T09:04:54.230514+00:00,False,2025-11-30T09:04:54.230750+00:00
8,6,MarketResolved,0x06cf1f0b7f11,2,,0x025e35,"{""amount"": 74.67625610917193, ""outcome"": null}",2025-11-30T09:04:54.233315+00:00,False,2025-11-30T09:04:54.233488+00:00
9,7,LiquidityRemoved,0x090449023a1c,0,44,0x0dc5c2,"{""amount"": 97.93681393695508, ""outcome"": null}",2025-11-30T09:04:54.241315+00:00,False,2025-11-30T09:04:54.241493+00:00
10,7,LiquidityRemoved,0x090449023a1c,1,26,0x031fa0,"{""amount"": 74.04338402459032, ""outcome"": null}",2025-11-30T09:04:54.243939+00:00,False,2025-11-30T09:04:54.244157+00:00
11,8,LiquidityAdded,0x0def41081928,0,17,0x069a6a,"{""amount"": 81.15711621161054, ""outcome"": null}",2025-11-30T09:04:54.251284+00:00,False,2025-11-30T09:04:54.251433+00:00
12,8,LiquidityAdded,0x0def41081928,1,21,0x074f0c,"{""amount"": 42.99829625530403, ""outcome"": null}",2025-11-30T09:04:54.253041+00:00,False,2025-11-30T09:04:54.253151+00:00
13,9,MarketResolved,0x082a3a06f6c1,0,36,0x019f69,"{""amount"": 89.063263490207, ""outcome"": null}",2025-11-30T09:04:54.258537+00:00,False,2025-11-30T09:04:54.258706+00:00
14,10,TradeExecuted,0x04935d0b1dac,0,26,0x06a1d7,"{""amount"": 41.58056800323186, ""outcome"": ""NO""}",2025-11-30T09:04:54.266780+00:00,False,2025-11-30T09:04:54.266966+00:00
15,10,TradeExecuted,0x04935d0b1dac,1,30,0x031512,"{""amount"": 72.12943157021975, ""outcome"": ""YES""}",2025-11-30T09:04:54.270033+00:00,False,2025-11-30T09:04:54.270180+00:00
16,11,TradeExecuted,0x0a403b03a9a3,0,24,0x0217bd,"{""amount"": 59.614320147037596, ""outcome"": ""YES""}",2025-11-30T09:04:54.274197+00:00,False,2025-11-30T09:04:54.274307+00:00
17,12,LiquidityAdded,0x0e81500d9a39,0,19,0x0c7742,"{""amount"": 91.04753321568111, ""outcome"": null}",2025-11-30T09:04:54.281928+00:00,False,2025-11-30T09:04:54.282176+00:00
19,12,TradeExecuted,0x0e81500d9a39,2,33,0x08fe6b,"{""amount"": 44.84083673546047, ""outcome"": ""NO""}",2025-11-30T09:04:54.286063+00:00,False,2025-11-30T09:04:54.286210+00:00
20,13,LiquidityRemoved,0x0342690c52c1,0,31,0x069658,"{""amount"": 4.661733171612301, ""outcome"": null}",2025-11-30T09:04:54.290346+00:00,False,2025-11-30T09:04:54.290465+00:00
21,14,MarketResolved,0x0742e40785f9,0,26,0x0407e0,"{""amount"": 20.510152092994726, ""outcome"": null}",2025-11-30T09:04:54.297264+00:00,False,2025-11-30T09:04:54.297684+00:00
22,14,TradeExecuted,0x0742e40785f9,1,,0x0ee415,"{""amount"": 21.633520860475212, ""outcome"": ""NO""}",2025-11-30T09:04:54.301513+00:00,False,2025-11-30T09:04:54.301684+00:00
23,14,TradeExecuted,0x0742e40785f9,2,22,0x04335d,"{""amount"": 57.34031286507473, ""outcome"": ""YES""}",2025-11-30T09:04:54.303731+00:00,False,2025-11-30T09:04:54.303877+00:00
24,15,LiquidityAdded,0x06b9e2046f70,0,,0x0b5b9e,"{""amount"": 24.34380834352112, ""outcome"": null}",2025-11-30T09:04:54.309720+00:00,False,2025-11-30T09:04:54.310159+00:00
25,16,MarketResolved,0x0633370caf3f,0,44,0x03f182,"{""amount"": 14.76687570130617, ""outcome"": null}",2025-11-30T09:04:54.317767+00:00,False,2025-11-30T09:04:54.317927+00:00
26,16,LiquidityAdded,0x0633370caf3f,1,,0x0d934b,"{""amount"": 98.91589504260752, ""outcome"": null}",2025-11-30T09:04:54.319327+00:00,False,2025-11-30T09:04:54.319465+00:00
27,16,TradeExecuted,0x0633370caf3f,2,32,0x0a2c53,"{""amount"": 89.08556077585727, ""outcome"": ""YES""}",2025-11-30T09:04:54.320901+00:00,False,2025-11-30T09:04:54.321018+00:00
28,17,LiquidityRemoved,synthetic_market_13,0,26,0x0b24f9,"{""amount"": 78.99065809503058, ""outcome"": null}",2025-11-30T09:04:54.324805+00:00,False,2025-11-30T09:04:54.324957+00:00
29,18,LiquidityRemoved,0x0affdb0c9361,0,,0x0ce644,"{""amount"": 27.762839986735496, ""outcome"": null}",2025-11-30T09:04:54.332928+00:00,False,2025-11-30T09:04:54.333312+00:00
30,18,TradeExecuted,0x0affdb0c9361,1,38,0x0316ce,"{""amount"": 30.828325464299535, ""outcome"": ""NO""}",2025-11-30T09:04:54.335194+00:00,False,2025-11-30T09:04:54.335406+00:00
31,19,LiquidityRemoved,0x0438ea06c50e,0,32,0x0b0231,"{""amount"": 16.457662879773906, ""outcome"": null}",2025-11-30T09:04:54.339139+00:00,False,2025-11-30T09:04:54.339276+00:00
32,19,TradeExecuted,0x0438ea06c50e,1,24,0x05b829,"{""amount"": 49.72251578118718, ""outcome"": ""YES""}",2025-11-30T09:04:54.340569+00:00,False,2025-11-30T09:04:54.340689+00:00
33,19,LiquidityRemoved,0x0438ea06c50e,2,36,0x0d271b,"{""amount"": 33.87863443886087, ""outcome"": null}",2025-11-30T09:04:54.341762+00:00,False,2025-11-30T09:04:54.341879+00:00
34,20,MarketResolved,0x04ee7f05fbfd,0,35,0x0a42d6,"{""amount"": 58.374170384118806, ""outcome"": null}",2025-11-30T09:04:54.348548+00:00,False,2025-11-30T09:04:54.348731+00:00
36,21,LiquidityRemoved,synthetic_market_14,0,24,0x02d838,"{""amount"": 69.60574747913009, ""outcome"": null}",2025-11-30T09:04:54.356384+00:00,False,2025-11-30T09:04:54.356607+00:00
37,22,LiquidityRemoved,0x0ccffd05e692,0,43,0x02b185,"{""amount"": 35.47987845149854, ""outcome"": null}",2025-11-30T09:04:54.361839+00:00,False,2025-11-30T09:04:54.362072+00:00
38,22,MarketResolved,0x0ccffd05e692,1,40,0x0834b6,"{""amount"": 25.235754638474035, ""outcome"": null}",2025-11-30T09:04:54.364089+00:00,False,2025-11-30T09:04:54.364265+00:00
39,22,MarketResolved,0x0ccffd05e692,2,35,0x0ebb45,"{""amount"": 71.31069733541106, ""outcome"": null}",2025-11-30T09:04:54.365745+00:00,False,2025-11-30T09:04:54.365918+00:00
40,23,MarketResolved,0x067f180ec71c,0,23,0x066552,"{""amount"": 32.07576333270507, ""outcome"": null}",2025-11-30T09:04:54.371029+00:00,False,2025-11-30T09:04:54.371173+00:00
42,24,TradeExecuted,0x0a06240a77fb,0,35,0x0ec685,"{""amount"": 40.964178235345045, ""outcome"": ""YES""}",2025-11-30T09:04:54.376153+00:00,False,2025-11-30T09:04:54.376607+00:00
43,24,MarketResolved,0x0a06240a77fb,1,,0x04df4d,"{""amount"": 98.04059898617527, ""outcome"": null}",2025-11-30T09:04:54.379306+00:00,False,2025-11-30T09:04:54.379556+00:00
44,24,MarketResolved,0x0a06240a77fb,2,32,0x0c046c,"{""amount"": 97.97147642753515, ""outcome"": null}",2025-11-30T09:04:54.381269+00:00,False,2025-11-30T09:04:54.381410+00:00
46,26,LiquidityAdded,0x027a5107c4a7,0,40,0x0b8473,"{""amount"": 53.48486760583901, ""outcome"": null}",2025-11-30T09:04:54.388889+00:00,False,2025-11-30T09:04:54.389019+00:00
48,27,MarketResolved,0x037afd0f182b,0,33,0x0aaa07,"{""amount"": 73.44246612519804, ""outcome"": null}",2025-11-30T09:04:54.394477+00:00,False,2025-11-30T09:04:54.394861+00:00
49,28,TradeExecuted,0x0474180a219d,0,39,0x05e216,"{""amount"": 40.73851174935006, ""outcome"": ""NO""}",2025-11-30T09:04:54.401576+00:00,False,2025-11-30T09:04:54.401738+00:00
50,29,LiquidityAdded,0x0d70c9024f82,0,34,0x024335,"{""amount"": 16.584868427835723, ""outcome"": null}",2025-11-30T09:04:54.405077+00:00,False,2025-11-30T09:04:54.405198+00:00
51,29,LiquidityRemoved,0x0d70c9024f82,1,17,0x0e70ab,"{""amount"": 70.19647016790789, ""outcome"": null}",2025-11-30T09:04:54.406862+00:00,False,2025-11-30T09:04:54.406999+00:00
52,29,LiquidityRemoved,0x0d70c9024f82,2,,0x0822b7,"{""amount"": 79.50265050067732, ""outcome"": null}",2025-11-30T09:04:54.408206+00:00,False,2025-11-30T09:04:54.408390+00:00
53,30,TradeExecuted,0x08921e031f0b,0,35,0x02281a,"{""amount"": 54.93493319632574, ""outcome"": ""NO""}",2025-11-30T09:04:54.413426+00:00,False,2025-11-30T09:04:54.413589+00:00
54,31,LiquidityAdded,0x0e5b560729bb,0,,0x06d9d5,"{""amount"": 64.8123228900867, ""outcome"": null}",2025-11-30T09:04:54.417378+00:00,False,2025-11-30T09:04:54.417524+00:00
55,32,LiquidityAdded,0x0a1c6c0380d8,0,15,0x0a09b2,"{""amount"": 32.291416944708104, ""outcome"": null}",2025-11-30T09:04:54.421133+00:00,False,2025-11-30T09:04:54.421267+00:00
57,33,LiquidityRemoved,0x0df2600d9d6f,1,40,0x025ff2,"{""amount"": 45.952884818155844, ""outcome"": null}",2025-11-30T09:04:54.427388+00:00,False,2025-11-30T09:04:54.427811+00:00
58,34,LiquidityRemoved,0x0cb8bb07f74c,0,26,0x0d897d,"{""amount"": 41.27282318841975, ""outcome"": null}",2025-11-30T09:04:54.434191+00:00,False,2025-11-30T09:04:54.434358+00:00
59,34,LiquidityAdded,0x0cb8bb07f74c,1,31,0x0302a0,"{""amount"": 9.892773406973273, ""outcome"": null}",2025-11-30T09:04:54.435909+00:00,False,2025-11-30T09:04:54.436169+00:00
60,34,LiquidityRemoved,0x0cb8bb07f74c,2,,0x026025,"{""amount"": 68.76643808329247, ""outcome"": null}",2025-11-30T09:04:54.437525+00:00,False,2025-11-30T09:04:54.437645+00:00
61,35,LiquidityRemoved,0x0be2f606fc4e,0,35,0x09886e,"{""amount"": 37.711995407114145, ""outcome"": null}",2025-11-30T09:04:54.440541+00:00,False,2025-11-30T09:04:54.440657+00:00
62,36,LiquidityRemoved,0x098ab9031248,0,44,0x0598d6,"{""amount"": 74.88981804828799, ""outcome"": null}",2025-11-30T09:04:54.445322+00:00,False,2025-11-30T09:04:54.445531+00:00
63,36,TradeExecuted,0x098ab9031248,1,20,0x0d8884,"{""amount"": 82.35889652999269, ""outcome"": ""NO""}",2025-11-30T09:04:54.447418+00:00,False,2025-11-30T09:04:54.447583+00:00
64,37,LiquidityAdded,0x0f06420a1af6,0,28,0x0e08b7,"{""amount"": 82.93133573324019, ""outcome"": null}",2025-11-30T09:04:54.451002+00:00,False,2025-11-30T09:04:54.451125+00:00
65,37,TradeExecuted,0x0f06420a1af6,1,30,0x0876d8,"{""amount"": 51.412914028476024, ""outcome"": ""NO""}",2025-11-30T09:04:54.453853+00:00,False,2025-11-30T09:04:54.453996+00:00
66,37,LiquidityRemoved,0x0f06420a1af6,2,20,0x0ea2fd,"{""amount"": 86.38974594645974, ""outcome"": null}",2025-11-30T09:04:54.455295+00:00,False,2025-11-30T09:04:54.455429+00:00
67,38,LiquidityRemoved,0x06c3e30d6b99,0,41,0x07f789,"{""amount"": 51.14310367619936, ""outcome"": null}",2025-11-30T09:04:54.460040+00:00,False,2025-11-30T09:04:54.460370+00:00
68,38,TradeExecuted,0x06c3e30d6b99,1,31,0x0a265d,"{""amount"": 49.507043515166444, ""outcome"": ""YES""}",2025-11-30T09:04:54.463284+00:00,False,2025-11-30T09:04:54.463472+00:00
70,39,LiquidityAdded,0x0b98d50c8254,0,18,0x0b379d,"{""amount"": 36.39683604670309, ""outcome"": null}",2025-11-30T09:04:54.470083+00:00,False,2025-11-30T09:04:54.470239+00:00
71,39,TradeExecuted,0x0b98d50c8254,1,30,0x02a2c1,"{""amount"": 48.039900140266816, ""outcome"": ""YES""}",2025-11-30T09:04:54.471326+00:00,False,2025-11-30T09:04:54.471459+00:00
72,39,LiquidityRemoved,0x0b98d50c8254,2,29,0x0ef070,"{""amount"": 18.39601050956663, ""outcome"": null}",2025-11-30T09:04:54.472555+00:00,False,2025-11-30T09:04:54.472672+00:00
73,40,LiquidityAdded,0x0d94db07c402,0,28,0x0e30bb,"{""amount"": 76.74908271771379, ""outcome"": null}",2025-11-30T09:04:54.475860+00:00,False,2025-11-30T09:04:54.476136+00:00
74,40,MarketResolved,0x0d94db07c402,1,,0x029524,"{""amount"": 27.067134191527657, ""outcome"": null}",2025-11-30T09:04:54.479402+00:00,False,2025-11-30T09:04:54.479640+00:00
75,40,MarketResolved,0x0d94db07c402,2,31,0x053236,"{""amount"": 7.452481259344035, ""outcome"": null}",2025-11-30T09:04:54.481070+00:00,False,2025-11-30T09:04:54.481207+00:00
76,41,MarketResolved,synthetic_market_18,0,18,0x0a30f6,"{""amount"": 58.07062309627217, ""outcome"": null}",2025-11-30T09:04:54.486283+00:00,False,2025-11-30T09:04:54.486475+00:00
77,42,MarketResolved,0x062264088926,0,,0x058119,"{""amount"": 5.625610503418318, ""outcome"": null}",2025-11-30T09:04:54.491050+00:00,False,2025-11-30T09:04:54.491195+00:00
78,43,LiquidityRemoved,synthetic_market_4,0,,0x076c3e,"{""amount"": 27.03335627797672, ""outcome"": null}",2025-11-30T09:04:54.497156+00:00,False,2025-11-30T09:04:54.497359+00:00
79,43,LiquidityAdded,synthetic_market_4,1,,0x0c3961,"{""amount"": 50.81545079211071, ""outcome"": null}",2025-11-30T09:04:54.498946+00:00,False,2025-11-30T09:04:54.499116+00:00
80,43,TradeExecuted,synthetic_market_4,2,18,0x0b305c,"{""amount"": 11.268483391348548, ""outcome"": ""NO""}",2025-11-30T09:04:54.500957+00:00,False,2025-11-30T09:04:54.501125+00:00
81,44,TradeExecuted,0x0bfc0d0b1aa1,0,36,0x085837,"{""amount"": 62.775491931748, ""outcome"": ""NO""}",2025-11-30T09:04:54.504808+00:00,False,2025-11-30T09:04:54.504941+00:00
82,44,LiquidityRemoved,0x0bfc0d0b1aa1,1,44,0x091d2e,"{""amount"": 11.018894236187167, ""outcome"": null}",2025-11-30T09:04:54.506191+00:00,False,2025-11-30T09:04:54.506332+00:00
83,45,MarketResolved,0x01da190b779d,0,,0x03877c,"{""amount"": 30.72147504018037, ""outcome"": null}",2025-11-30T09:04:54.510417+00:00,False,2025-11-30T09:04:54.510703+00:00
84,45,TradeExecuted,0x01da190b779d,1,37,0x0722ca,"{""amount"": 52.18245712115998, ""outcome"": ""YES""}",2025-11-30T09:04:54.512984+00:00,False,2025-11-30T09:04:54.513156+00:00
85,45,LiquidityAdded,0x01da190b779d,2,39,0x0a8b52,"{""amount"": 23.777566254753207, ""outcome"": null}",2025-11-30T09:04:54.516087+00:00,False,2025-11-30T09:04:54.516346+00:00
86,46,MarketResolved,0x0b6056080e44,0,,0x0234ff,"{""amount"": 98.82723659879231, ""outcome"": null}",2025-11-30T09:04:54.520013+00:00,False,2025-11-30T09:04:54.520140+00:00
87,46,MarketResolved,0x0b6056080e44,1,17,0x0a2891,"{""amount"": 84.67828567654905, ""outcome"": null}",2025-11-30T09:04:54.521529+00:00,False,2025-11-30T09:04:54.521665+00:00
88,47,LiquidityRemoved,0x0968e6033010,0,15,0x09810a,"{""amount"": 94.40145359266606, ""outcome"": null}",2025-11-30T09:04:54.525016+00:00,False,2025-11-30T09:04:54.525144+00:00
89,48,LiquidityAdded,0x0c83fd0d0969,0,,0x053f5c,"{""amount"": 84.15631030779797, ""outcome"": null}",2025-11-30T09:04:54.531075+00:00,False,2025-11-30T09:04:54.531251+00:00
90,48,LiquidityRemoved,0x0c83fd0d0969,1,38,0x086172,"{""amount"": 32.66963557145749, ""outcome"": null}",2025-11-30T09:04:54.532796+00:00,False,2025-11-30T09:04:54.532946+00:00
91,49,LiquidityAdded,0x0ec90208e1b7,0,15,0x0b961b,"{""amount"": 26.42242920288657, ""outcome"": null}",2025-11-30T09:04:54.536768+00:00,False,2025-11-30T09:04:54.536928+00:00
92,49,LiquidityRemoved,0x0ec90208e1b7,1,38,0x057ebf,"{""amount"": 54.733820984710164, ""outcome"": null}",2025-11-30T09:04:54.538283+00:00,False,2025-11-30T09:04:54.538426+00:00
93,50,LiquidityAdded,0x0223530342a4,0,,0x091f36,"{""amount"": 2.6293309912254763, ""outcome"": null}",2025-11-30T09:04:54.541933+00:00,False,2025-11-30T09:04:54.542053+00:00
94,51,TradeExecuted,0x0dc1c9082f46,0,36,0x049118,"{""amount"": 82.23676265113475, ""outcome"": ""YES""}",2025-11-30T09:04:54.549013+00:00,False,2025-11-30T09:04:54.549180+00:00
95,51,MarketResolved,0x0dc1c9082f46,1,31,0x03ec79,"{""amount"": 91.17250059075091, ""outcome"": null}",2025-11-30T09:04:54.550516+00:00,False,2025-11-30T09:04:54.550681+00:00
96,52,TradeExecuted,0x083f8807c1ec,0,,0x09f6bd,"{""amount"": 17.546738937173252, ""outcome"": ""YES""}",2025-11-30T09:04:54.554522+00:00,False,2025-11-30T09:04:54.554697+00:00
97,52,LiquidityRemoved,0x083f8807c1ec,1,43,0x083d3d,"{""amount"": 28.06066447165258, ""outcome"": null}",2025-11-30T09:04:54.556259+00:00,False,2025-11-30T09:04:54.556426+00:00
98,53,TradeExecuted,0x0be35603e8e2,0,,0x070353,"{""amount"": 87.92692007306903, ""outcome"": ""NO""}",2025-11-30T09:04:54.561700+00:00,False,2025-11-30T09:04:54.562006+00:00
99,53,LiquidityAdded,0x0be35603e8e2,1,16,0x0be21c,"{""amount"": 7.059688506827774, ""outcome"": null}",2025-11-30T09:04:54.564125+00:00,False,2025-11-30T09:04:54.564291+00:00
100,54,TradeExecuted,synthetic_market_28,0,35,0x03f562,"{""amount"": 42.416972652298, ""outcome"": ""YES""}",2025-11-30T09:04:54.568898+00:00,False,2025-11-30T09:04:54.569039+00:00
101,55,TradeExecuted,0x0da811055efd,0,,0x0378c3,"{""amount"": 61.88644341175461, ""outcome"": ""YES""}",2025-11-30T09:04:54.573883+00:00,False,2025-11-30T09:04:54.574014+00:00
102,56,LiquidityRemoved,0x0f368c07542f,0,,0x0d8677,"{""amount"": 73.41054458955395, ""outcome"": null}",2025-11-30T09:04:54.579818+00:00,False,2025-11-30T09:04:54.580027+00:00
103,56,TradeExecuted,0x0f368c07542f,1,40,0x0673b2,"{""amount"": 17.160226951167317, ""outcome"": ""YES""}",2025-11-30T09:04:54.581632+00:00,False,2025-11-30T09:04:54.581776+00:00
104,56,LiquidityRemoved,0x0f368c07542f,2,,0x0f0d62,"{""amount"": 41.955189273621905, ""outcome"": null}",2025-11-30T09:04:54.583276+00:00,False,2025-11-30T09:04:54.583404+00:00
105,57,LiquidityRemoved,0x0d1e860af592,0,16,0x0bae92,"{""amount"": 62.90474052915808, ""outcome"": null}",2025-11-30T09:04:54.587475+00:00,False,2025-11-30T09:04:54.587624+00:00
106,57,TradeExecuted,0x0d1e860af592,1,,0x0afed5,"{""amount"": 68.34343545184868, ""outcome"": ""YES""}",2025-11-30T09:04:54.589047+00:00,False,2025-11-30T09:04:54.589204+00:00
107,58,LiquidityAdded,0x0630ef0e4f48,0,20,0x028705,"{""amount"": 95.92206419664686, ""outcome"": null}",2025-11-30T09:04:54.592680+00:00,False,2025-11-30T09:04:54.592831+00:00
110,59,LiquidityAdded,0x09d02e08f56b,0,28,0x037b7c,"{""amount"": 92.44233409908458, ""outcome"": null}",2025-11-30T09:04:54.604439+00:00,False,2025-11-30T09:04:54.604576+00:00
111,59,LiquidityAdded,0x09d02e08f56b,1,30,0x022a95,"{""amount"": 13.306652394010055, ""outcome"": null}",2025-11-30T09:04:54.606079+00:00,False,2025-11-30T09:04:54.606224+00:00
112,59,MarketResolved,0x09d02e08f56b,2,40,0x093665,"{""amount"": 31.297246610940576, ""outcome"": null}",2025-11-30T09:04:54.607906+00:00,False,2025-11-30T09:04:54.608029+00:00
113,60,LiquidityRemoved,synthetic_market_15,0,,0x084e1b,"{""amount"": 16.06151035864599, ""outcome"": null}",2025-11-30T09:04:54.613721+00:00,False,2025-11-30T09:04:54.613872+00:00
114,60,MarketResolved,synthetic_market_15,1,,0x0d272a,"{""amount"": 56.80989453899695, ""outcome"": null}",2025-11-30T09:04:54.615381+00:00,False,2025-11-30T09:04:54.615518+00:00
115,60,MarketResolved,synthetic_market_15,2,31,0x0ea76a,"{""amount"": 70.21099071210747, ""outcome"": null}",2025-11-30T09:04:54.617274+00:00,False,2025-11-30T09:04:54.617406+00:00
116,61,TradeExecuted,0x055ac90ce1e5,0,39,0x0be01e,"{""amount"": 57.68178727880569, ""outcome"": ""YES""}",2025-11-30T09:04:54.620838+00:00,False,2025-11-30T09:04:54.620969+00:00
117,61,LiquidityRemoved,0x055ac90ce1e5,1,,0x03177e,"{""amount"": 49.886266082326365, ""outcome"": null}",2025-11-30T09:04:54.622707+00:00,False,2025-11-30T09:04:54.622819+00:00
118,62,LiquidityAdded,0x080fe908bbe3,0,35,0x07eafd,"{""amount"": 53.94859735505132, ""outcome"": null}",2025-11-30T09:04:54.629118+00:00,False,2025-11-30T09:04:54.629307+00:00
119,62,TradeExecuted,0x080fe908bbe3,1,,0x05a865,"{""amount"": 67.23036572031282, ""outcome"": ""NO""}",2025-11-30T09:04:54.631358+00:00,False,2025-11-30T09:04:54.631518+00:00
121,63,TradeExecuted,0x0300ff0c6a74,1,36,0x01c98f,"{""amount"": 86.17864400368687, ""outcome"": ""NO""}",2025-11-30T09:04:54.638715+00:00,False,2025-11-30T09:04:54.638843+00:00
122,63,LiquidityAdded,0x0300ff0c6a74,2,29,0x06df1c,"{""amount"": 59.00220369303452, ""outcome"": null}",2025-11-30T09:04:54.640204+00:00,False,2025-11-30T09:04:54.640323+00:00
123,64,LiquidityAdded,synthetic_market_0,0,28,0x0cb796,"{""amount"": 8.69211099770359, ""outcome"": null}",2025-11-30T09:04:54.645665+00:00,False,2025-11-30T09:04:54.645867+00:00
124,65,LiquidityAdded,0x02b7830966a6,0,25,0x08af38,"{""amount"": 4.5482210140980595, ""outcome"": null}",2025-11-30T09:04:54.649722+00:00,False,2025-11-30T09:04:54.649861+00:00
125,65,LiquidityRemoved,0x02b7830966a6,1,28,0x02e86c,"{""amount"": 66.40415571898075, ""outcome"": null}",2025-11-30T09:04:54.651379+00:00,False,2025-11-30T09:04:54.651498+00:00
127,66,LiquidityAdded,0x09d44d0bf335,0,19,0x074de9,"{""amount"": 24.463091399739564, ""outcome"": null}",2025-11-30T09:04:54.658433+00:00,False,2025-11-30T09:04:54.658597+00:00
128,66,TradeExecuted,0x09d44d0bf335,1,19,0x01fc85,"{""amount"": 83.40394657173543, ""outcome"": ""NO""}",2025-11-30T09:04:54.661726+00:00,False,2025-11-30T09:04:54.661937+00:00
129,66,MarketResolved,0x09d44d0bf335,2,33,0x0ae938,"{""amount"": 90.168465555307, ""outcome"": null}",2025-11-30T09:04:54.664230+00:00,False,2025-11-30T09:04:54.664480+00:00
130,67,TradeExecuted,0x0ec3db0f165f,0,15,0x0d3911,"{""amount"": 58.96309621344568, ""outcome"": ""NO""}",2025-11-30T09:04:54.670178+00:00,False,2025-11-30T09:04:54.670315+00:00
131,67,LiquidityAdded,0x0ec3db0f165f,1,31,0x03c48d,"{""amount"": 81.95072736900273, ""outcome"": null}",2025-11-30T09:04:54.671869+00:00,False,2025-11-30T09:04:54.671999+00:00
132,68,LiquidityRemoved,synthetic_market_11,0,15,0x0999bc,"{""amount"": 24.296131113392146, ""outcome"": null}",2025-11-30T09:04:54.676367+00:00,False,2025-11-30T09:04:54.676962+00:00
133,68,LiquidityRemoved,synthetic_market_11,1,,0x03b6a3,"{""amount"": 66.0557986154566, ""outcome"": null}",2025-11-30T09:04:54.679756+00:00,False,2025-11-30T09:04:54.679933+00:00
134,69,LiquidityAdded,synthetic_market_8,0,35,0x0af711,"{""amount"": 34.21653026448095, ""outcome"": null}",2025-11-30T09:04:54.684517+00:00,False,2025-11-30T09:04:54.684683+00:00
135,70,TradeExecuted,0x0522be0c58d8,0,,0x04612d,"{""amount"": 80.33899105691827, ""outcome"": ""YES""}",2025-11-30T09:04:54.689821+00:00,False,2025-11-30T09:04:54.689995+00:00
136,70,LiquidityRemoved,0x0522be0c58d8,1,22,0x076a96,"{""amount"": 30.165561233069912, ""outcome"": null}",2025-11-30T09:04:54.691605+00:00,False,2025-11-30T09:04:54.691712+00:00
137,70,LiquidityRemoved,0x0522be0c58d8,2,25,0x06a167,"{""amount"": 29.748013517100894, ""outcome"": null}",2025-11-30T09:04:54.693640+00:00,False,2025-11-30T09:04:54.693989+00:00
138,71,LiquidityAdded,0x0314b905485d,0,35,0x0d2aed,"{""amount"": 27.87923235437757, ""outcome"": null}",2025-11-30T09:04:54.699817+00:00,False,2025-11-30T09:04:54.699973+00:00
139,71,TradeExecuted,0x0314b905485d,1,39,0x09905a,"{""amount"": 97.87326571874844, ""outcome"": ""NO""}",2025-11-30T09:04:54.703158+00:00,False,2025-11-30T09:04:54.703308+00:00
140,71,LiquidityRemoved,0x0314b905485d,2,,0x0668fb,"{""amount"": 90.27419191630973, ""outcome"": null}",2025-11-30T09:04:54.705107+00:00,False,2025-11-30T09:04:54.705252+00:00
141,72,LiquidityRemoved,synthetic_market_2,0,19,0x0a7a5b,"{""amount"": 16.744991702158472, ""outcome"": null}",2025-11-30T09:04:54.710211+00:00,False,2025-11-30T09:04:54.710409+00:00
142,73,LiquidityRemoved,0x04a3080d04f8,0,43,0x023ad4,"{""amount"": 47.11095885886387, ""outcome"": null}",2025-11-30T09:04:54.715242+00:00,False,2025-11-30T09:04:54.715373+00:00
143,73,TradeExecuted,0x04a3080d04f8,1,26,0x0379fd,"{""amount"": 69.59705316180488, ""outcome"": ""YES""}",2025-11-30T09:04:54.717097+00:00,False,2025-11-30T09:04:54.717239+00:00
144,73,MarketResolved,0x04a3080d04f8,2,41,0x040d9a,"{""amount"": 58.53836209496954, ""outcome"": null}",2025-11-30T09:04:54.719137+00:00,False,2025-11-30T09:04:54.719272+00:00
145,74,LiquidityRemoved,0x0376770e43f8,0,,0x04fe93,"{""amount"": 27.236613470666313, ""outcome"": null}",2025-11-30T09:04:54.723215+00:00,False,2025-11-30T09:04:54.723350+00:00
146,75,LiquidityAdded,0x063fe301e07d,0,40,0x057eba,"{""amount"": 65.72659816691863, ""outcome"": null}",2025-11-30T09:04:54.730127+00:00,False,2025-11-30T09:04:54.730319+00:00
147,75,LiquidityAdded,0x063fe301e07d,1,38,0x0cd7ed,"{""amount"": 50.759843837192825, ""outcome"": null}",2025-11-30T09:04:54.732189+00:00,False,2025-11-30T09:04:54.732363+00:00
150,78,LiquidityRemoved,0x0750790b7cee,0,18,0x037f89,"{""amount"": 34.00077855306559, ""outcome"": null}",2025-11-30T09:04:54.750256+00:00,False,2025-11-30T09:04:54.750479+00:00
151,78,MarketResolved,0x0750790b7cee,1,17,0x09f5ef,"{""amount"": 74.3296859973455, ""outcome"": null}",2025-11-30T09:04:54.753012+00:00,False,2025-11-30T09:04:54.753264+00:00
152,78,TradeExecuted,0x0750790b7cee,2,,0x01d2c1,"{""amount"": 65.70908195390824, ""outcome"": ""YES""}",2025-11-30T09:04:54.755142+00:00,False,2025-11-30T09:04:54.755280+00:00
153,79,TradeExecuted,0x0d1101049b73,0,36,0x03aa1a,"{""amount"": 85.89620050223925, ""outcome"": ""NO""}",2025-11-30T09:04:54.760966+00:00,False,2025-11-30T09:04:54.761398+00:00
154,80,LiquidityRemoved,0x0c2bac047827,0,31,0x07cefc,"{""amount"": 22.96427571593225, ""outcome"": null}",2025-11-30T09:04:54.767194+00:00,False,2025-11-30T09:04:54.767359+00:00
155,81,MarketResolved,0x0b6f1e06e38e,0,,0x0a562c,"{""amount"": 49.74086314376876, ""outcome"": null}",2025-11-30T09:04:54.771233+00:00,False,2025-11-30T09:04:54.771374+00:00
156,81,LiquidityAdded,0x0b6f1e06e38e,1,39,0x021fc2,"{""amount"": 72.04843146083333, ""outcome"": null}",2025-11-30T09:04:54.772708+00:00,False,2025-11-30T09:04:54.772808+00:00
157,81,TradeExecuted,0x0b6f1e06e38e,2,,0x0b3fb2,"{""amount"": 51.01696865242994, ""outcome"": ""NO""}",2025-11-30T09:04:54.775810+00:00,False,2025-11-30T09:04:54.776072+00:00
158,82,LiquidityAdded,0x01fd8207bf62,0,,0x02a850,"{""amount"": 30.274469341864325, ""outcome"": null}",2025-11-30T09:04:54.781845+00:00,False,2025-11-30T09:04:54.781985+00:00
159,82,LiquidityRemoved,0x01fd8207bf62,1,29,0x0d4ab7,"{""amount"": 17.582124114821365, ""outcome"": null}",2025-11-30T09:04:54.783668+00:00,False,2025-11-30T09:04:54.783791+00:00
160,82,LiquidityRemoved,0x01fd8207bf62,2,32,0x0aa488,"{""amount"": 12.553272968186926, ""outcome"": null}",2025-11-30T09:04:54.786009+00:00,False,2025-11-30T09:04:54.786254+00:00
162,83,LiquidityAdded,0x06a5bd060b37,1,22,0x07f865,"{""amount"": 1.2030946383593641, ""outcome"": null}",2025-11-30T09:04:54.792841+00:00,False,2025-11-30T09:04:54.793214+00:00
163,83,LiquidityRemoved,0x06a5bd060b37,2,32,0x099c99,"{""amount"": 75.38495618033966, ""outcome"": null}",2025-11-30T09:04:54.796338+00:00,False,2025-11-30T09:04:54.796513+00:00
164,84,LiquidityRemoved,0x0252ef0a2575,0,34,0x056777,"{""amount"": 9.613815141754628, ""outcome"": null}",2025-11-30T09:04:54.800997+00:00,False,2025-11-30T09:04:54.801142+00:00
165,84,LiquidityAdded,0x0252ef0a2575,1,19,0x039ada,"{""amount"": 3.8815162880957534, ""outcome"": null}",2025-11-30T09:04:54.803922+00:00,False,2025-11-30T09:04:54.804047+00:00
166,85,TradeExecuted,0x07612d0a04ff,0,20,0x08d451,"{""amount"": 29.143807407260844, ""outcome"": ""NO""}",2025-11-30T09:04:54.807937+00:00,False,2025-11-30T09:04:54.808101+00:00
167,85,MarketResolved,0x07612d0a04ff,1,21,0x0f3a2a,"{""amount"": 79.73093355632159, ""outcome"": null}",2025-11-30T09:04:54.810169+00:00,False,2025-11-30T09:04:54.810418+00:00
168,86,LiquidityRemoved,0x0d75f90a5504,0,,0x05c689,"{""amount"": 95.61067174788325, ""outcome"": null}",2025-11-30T09:04:54.814934+00:00,False,2025-11-30T09:04:54.815072+00:00
169,86,LiquidityAdded,0x0d75f90a5504,1,,0x0dc80a,"{""amount"": 29.67312627694237, ""outcome"": null}",2025-11-30T09:04:54.816319+00:00,False,2025-11-30T09:04:54.816464+00:00
170,86,TradeExecuted,0x0d75f90a5504,2,,0x06d12b,"{""amount"": 2.6645685070873, ""outcome"": ""NO""}",2025-11-30T09:04:54.817811+00:00,False,2025-11-30T09:04:54.818007+00:00
171,87,TradeExecuted,0x038a680e1e16,0,32,0x0b9db4,"{""amount"": 21.869626815364168, ""outcome"": ""NO""}",2025-11-30T09:04:54.822439+00:00,False,2025-11-30T09:04:54.822564+00:00
172,87,MarketResolved,0x038a680e1e16,1,42,0x0edd8a,"{""amount"": 45.72977501350042, ""outcome"": null}",2025-11-30T09:04:54.823893+00:00,False,2025-11-30T09:04:54.824013+00:00
173,87,LiquidityAdded,0x038a680e1e16,2,34,0x04667d,"{""amount"": 88.5131538148273, ""outcome"": null}",2025-11-30T09:04:54.825783+00:00,False,2025-11-30T09:04:54.826003+00:00
174,88,LiquidityAdded,synthetic_market_16,0,44,0x0c853f,"{""amount"": 72.56241123652887, ""outcome"": null}",2025-11-30T09:04:54.832968+00:00,False,2025-11-30T09:04:54.833160+00:00
175,88,LiquidityAdded,synthetic_market_16,1,30,0x077852,"{""amount"": 9.28004548165218, ""outcome"": null}",2025-11-30T09:04:54.834765+00:00,False,2025-11-30T09:04:54.834898+00:00
176,88,MarketResolved,synthetic_market_16,2,44,0x0a3b33,"{""amount"": 65.4354731698221, ""outcome"": null}",2025-11-30T09:04:54.836750+00:00,False,2025-11-30T09:04:54.836896+00:00
177,89,LiquidityRemoved,0x0c2e9409e1b8,0,19,0x029c64,"{""amount"": 86.43852017485737, ""outcome"": null}",2025-11-30T09:04:54.840334+00:00,False,2025-11-30T09:04:54.840457+00:00
179,89,LiquidityAdded,0x0c2e9409e1b8,2,44,0x04fcb3,"{""amount"": 59.07243995685079, ""outcome"": null}",2025-11-30T09:04:54.843765+00:00,False,2025-11-30T09:04:54.843950+00:00
180,90,LiquidityRemoved,synthetic_market_29,0,,0x060207,"{""amount"": 98.04548620440843, ""outcome"": null}",2025-11-30T09:04:54.849035+00:00,False,2025-11-30T09:04:54.849156+00:00
181,90,MarketResolved,synthetic_market_29,1,44,0x04182a,"{""amount"": 15.499388808353507, ""outcome"": null}",2025-11-30T09:04:54.850489+00:00,False,2025-11-30T09:04:54.850599+00:00
182,90,LiquidityRemoved,synthetic_market_29,2,36,0x019173,"{""amount"": 96.5287527153145, ""outcome"": null}",2025-11-30T09:04:54.851754+00:00,False,2025-11-30T09:04:54.851862+00:00
183,91,LiquidityRemoved,0x0aed51064ff5,0,29,0x0cb240,"{""amount"": 40.93330718408638, ""outcome"": null}",2025-11-30T09:04:54.854916+00:00,False,2025-11-30T09:04:54.855036+00:00
184,91,MarketResolved,0x0aed51064ff5,1,19,0x0db733,"{""amount"": 1.3454871653663394, ""outcome"": null}",2025-11-30T09:04:54.856386+00:00,False,2025-11-30T09:04:54.856507+00:00
185,91,LiquidityRemoved,0x0aed51064ff5,2,30,0x032c38,"{""amount"": 23.892102434399746, ""outcome"": null}",2025-11-30T09:04:54.857812+00:00,False,2025-11-30T09:04:54.857928+00:00
186,92,LiquidityAdded,0x0aeab80acdfd,0,,0x057962,"{""amount"": 9.714755783367186, ""outcome"": null}",2025-11-30T09:04:54.864631+00:00,False,2025-11-30T09:04:54.864784+00:00
187,92,MarketResolved,0x0aeab80acdfd,1,31,0x0d5c46,"{""amount"": 43.55445027169125, ""outcome"": null}",2025-11-30T09:04:54.866131+00:00,False,2025-11-30T09:04:54.866327+00:00
188,92,TradeExecuted,0x0aeab80acdfd,2,19,0x04b7dc,"{""amount"": 99.66461288516548, ""outcome"": ""YES""}",2025-11-30T09:04:54.868197+00:00,False,2025-11-30T09:04:54.868350+00:00
189,93,LiquidityAdded,0x0deb8e094307,0,29,0x05db10,"{""amount"": 96.65031976086028, ""outcome"": null}",2025-11-30T09:04:54.871478+00:00,False,2025-11-30T09:04:54.871595+00:00
190,93,MarketResolved,0x0deb8e094307,1,37,0x096ef5,"{""amount"": 31.241474689909097, ""outcome"": null}",2025-11-30T09:04:54.872821+00:00,False,2025-11-30T09:04:54.872932+00:00
191,94,TradeExecuted,0x05df9106e641,0,25,0x0c091c,"{""amount"": 7.236809479537328, ""outcome"": ""NO""}",2025-11-30T09:04:54.876494+00:00,False,2025-11-30T09:04:54.876936+00:00
192,94,LiquidityAdded,0x05df9106e641,1,25,0x05f477,"{""amount"": 50.626910633891995, ""outcome"": null}",2025-11-30T09:04:54.879228+00:00,False,2025-11-30T09:04:54.879406+00:00
193,95,TradeExecuted,synthetic_market_17,0,,0x075b7c,"{""amount"": 74.45844372609598, ""outcome"": ""YES""}",2025-11-30T09:04:54.883049+00:00,False,2025-11-30T09:04:54.883179+00:00
194,95,TradeExecuted,synthetic_market_17,1,40,0x0aa9e1,"{""amount"": 91.87972740280573, ""outcome"": ""NO""}",2025-11-30T09:04:54.884411+00:00,False,2025-11-30T09:04:54.884558+00:00
195,95,MarketResolved,synthetic_market_17,2,,0x01a938,"{""amount"": 68.978884297013, ""outcome"": null}",2025-11-30T09:04:54.887692+00:00,False,2025-11-30T09:04:54.887855+00:00
196,96,LiquidityAdded,0x0cd41e04f2f9,0,20,0x06fb33,"{""amount"": 30.729435151630632, ""outcome"": null}",2025-11-30T09:04:54.891320+00:00,False,2025-11-30T09:04:54.891446+00:00
197,96,LiquidityAdded,0x0cd41e04f2f9,1,,0x0db019,"{""amount"": 50.608887505514225, ""outcome"": null}",2025-11-30T09:04:54.893354+00:00,False,2025-11-30T09:04:54.893631+00:00
198,97,LiquidityAdded,0x03575c08e8b7,0,,0x08441f,"{""amount"": 1.2831978785306306, ""outcome"": null}",2025-11-30T09:04:54.899289+00:00,False,2025-11-30T09:04:54.899437+00:00
199,97,LiquidityRemoved,0x03575c08e8b7,1,37,0x0d7739,"{""amount"": 95.69565460418453, ""outcome"": null}",2025-11-30T09:04:54.900974+00:00,False,2025-11-30T09:04:54.901131+00:00
200,97,MarketResolved,0x03575c08e8b7,2,,0x01ea55,"{""amount"": 81.60829546262023, ""outcome"": null}",2025-11-30T09:04:54.902370+00:00,False,2025-11-30T09:04:54.902530+00:00
201,98,LiquidityRemoved,0x03670404165b,0,42,0x0bb537,"{""amount"": 55.90160980458725, ""outcome"": null}",2025-11-30T09:04:54.906018+00:00,False,2025-11-30T09:04:54.906153+00:00
203,98,TradeExecuted,0x03670404165b,2,32,0x0b3639,"{""amount"": 45.96890778888722, ""outcome"": ""YES""}",2025-11-30T09:04:54.908788+00:00,False,2025-11-30T09:04:54.908904+00:00
204,99,LiquidityRemoved,0x0cab6c0a2b40,0,,0x04bb1f,"{""amount"": 99.18891651806366, ""outcome"": null}",2025-11-30T09:04:54.914863+00:00,False,2025-11-30T09:04:54.914990+00:00
205,100,LiquidityRemoved,0x01eaab0243ea,0,38,0x0ebd66,"{""amount"": 64.80037154730023, ""outcome"": null}",2025-11-30T09:04:54.919985+00:00,False,2025-11-30T09:04:54.920165+00:00
206,100,MarketResolved,0x01eaab0243ea,1,37,0x0c119f,"{""amount"": 56.020027246968866, ""outcome"": null}",2025-11-30T09:04:54.921567+00:00,False,2025-11-30T09:04:54.921698+00:00
207,100,MarketResolved,0x01eaab0243ea,2,,0x08f621,"{""amount"": 62.292115201827144, ""outcome"": null}",2025-11-30T09:04:54.923038+00:00,False,2025-11-30T09:04:54.923163+00:00
208,101,LiquidityRemoved,synthetic_market_21,0,23,0x09da89,"{""amount"": 40.62156938116478, ""outcome"": null}",2025-11-30T09:04:54.928275+00:00,False,2025-11-30T09:04:54.928632+00:00
209,101,LiquidityAdded,synthetic_market_21,1,32,0x0cd8b9,"{""amount"": 79.31240885982838, ""outcome"": null}",2025-11-30T09:04:54.930785+00:00,False,2025-11-30T09:04:54.930958+00:00
210,101,MarketResolved,synthetic_market_21,2,26,0x032780,"{""amount"": 3.8871474558251764, ""outcome"": null}",2025-11-30T09:04:54.932986+00:00,False,2025-11-30T09:04:54.933160+00:00
211,102,LiquidityRemoved,0x0dfcf9092812,0,22,0x024ec6,"{""amount"": 51.11800281347508, ""outcome"": null}",2025-11-30T09:04:54.937502+00:00,False,2025-11-30T09:04:54.937655+00:00
212,102,TradeExecuted,0x0dfcf9092812,1,36,0x0196b5,"{""amount"": 53.34449553565353, ""outcome"": ""YES""}",2025-11-30T09:04:54.938845+00:00,False,2025-11-30T09:04:54.938977+00:00
213,103,LiquidityRemoved,0x02f6d304b325,0,28,0x01c054,"{""amount"": 5.060970320767061, ""outcome"": null}",2025-11-30T09:04:54.944367+00:00,False,2025-11-30T09:04:54.944618+00:00
214,104,MarketResolved,0x05b3f609e0cc,0,44,0x0efdfd,"{""amount"": 42.13005462519775, ""outcome"": null}",2025-11-30T09:04:54.949218+00:00,False,2025-11-30T09:04:54.949352+00:00
215,105,TradeExecuted,0x055f200b6a54,0,44,0x09ae58,"{""amount"": 27.48633947165021, ""outcome"": ""NO""}",2025-11-30T09:04:54.952708+00:00,False,2025-11-30T09:04:54.952834+00:00
216,105,MarketResolved,0x055f200b6a54,1,34,0x0bdfc5,"{""amount"": 88.2378523800185, ""outcome"": null}",2025-11-30T09:04:54.954276+00:00,False,2025-11-30T09:04:54.954394+00:00
218,106,TradeExecuted,0x05124807ff0d,0,24,0x096230,"{""amount"": 41.18254555931596, ""outcome"": ""NO""}",2025-11-30T09:04:54.962331+00:00,False,2025-11-30T09:04:54.962668+00:00
219,106,MarketResolved,0x05124807ff0d,1,28,0x02eb3b,"{""amount"": 83.0043415415478, ""outcome"": null}",2025-11-30T09:04:54.965302+00:00,False,2025-11-30T09:04:54.965482+00:00
220,107,TradeExecuted,0x07a3e60c3d6d,0,20,0x0ab5db,"{""amount"": 92.99673522160592, ""outcome"": ""YES""}",2025-11-30T09:04:54.971807+00:00,False,2025-11-30T09:04:54.971980+00:00
221,108,LiquidityAdded,0x0abaa30aeb7b,0,,0x05e741,"{""amount"": 19.575452884163926, ""outcome"": null}",2025-11-30T09:04:54.977468+00:00,False,2025-11-30T09:04:54.977778+00:00
222,108,TradeExecuted,0x0abaa30aeb7b,1,,0x02a48b,"{""amount"": 19.80104336832504, ""outcome"": ""NO""}",2025-11-30T09:04:54.980273+00:00,False,2025-11-30T09:04:54.980521+00:00
223,108,MarketResolved,0x0abaa30aeb7b,2,33,0x049504,"{""amount"": 8.203770891046796, ""outcome"": null}",2025-11-30T09:04:54.982723+00:00,False,2025-11-30T09:04:54.982953+00:00
224,109,LiquidityRemoved,0x025bf7072010,0,,0x033452,"{""amount"": 99.03372644413484, ""outcome"": null}",2025-11-30T09:04:54.988792+00:00,False,2025-11-30T09:04:54.988956+00:00
225,109,LiquidityAdded,0x025bf7072010,1,26,0x0c28fb,"{""amount"": 91.33905326750664, ""outcome"": null}",2025-11-30T09:04:54.990534+00:00,False,2025-11-30T09:04:54.990826+00:00
226,109,LiquidityRemoved,0x025bf7072010,2,30,0x09297d,"{""amount"": 44.727085676024615, ""outcome"": null}",2025-11-30T09:04:54.992563+00:00,False,2025-11-30T09:04:54.992863+00:00
229,111,MarketResolved,0x0a44480d3ac0,0,34,0x0d8c11,"{""amount"": 47.83878755408109, ""outcome"": null}",2025-11-30T09:04:55.009032+00:00,False,2025-11-30T09:04:55.009586+00:00
230,111,TradeExecuted,0x0a44480d3ac0,1,34,0x0da069,"{""amount"": 93.37997891948311, ""outcome"": ""NO""}",2025-11-30T09:04:55.012784+00:00,False,2025-11-30T09:04:55.013027+00:00
231,112,MarketResolved,0x0e6e00063f86,0,,0x086401,"{""amount"": 11.568350998915202, ""outcome"": null}",2025-11-30T09:04:55.018494+00:00,False,2025-11-30T09:04:55.018741+00:00
232,112,LiquidityAdded,0x0e6e00063f86,1,,0x0c3e78,"{""amount"": 32.26188798043428, ""outcome"": null}",2025-11-30T09:04:55.020474+00:00,False,2025-11-30T09:04:55.020644+00:00
233,113,TradeExecuted,0x08f4430cbe3c,0,,0x02430d,"{""amount"": 91.43461722912181, ""outcome"": ""YES""}",2025-11-30T09:04:55.025661+00:00,False,2025-11-30T09:04:55.026804+00:00
234,113,LiquidityRemoved,0x08f4430cbe3c,1,36,0x05595d,"{""amount"": 40.31721654156693, ""outcome"": null}",2025-11-30T09:04:55.029966+00:00,False,2025-11-30T09:04:55.030152+00:00
235,114,LiquidityRemoved,0x0e10c104383c,0,37,0x09255a,"{""amount"": 40.39998361985593, ""outcome"": null}",2025-11-30T09:04:55.036201+00:00,False,2025-11-30T09:04:55.036421+00:00
236,114,TradeExecuted,0x0e10c104383c,1,19,0x0e8d78,"{""amount"": 50.36542659354059, ""outcome"": ""YES""}",2025-11-30T09:04:55.038006+00:00,False,2025-11-30T09:04:55.038120+00:00
238,115,LiquidityRemoved,0x0c79ec061fba,0,36,0x026bfd,"{""amount"": 12.782290582366057, ""outcome"": null}",2025-11-30T09:04:55.046603+00:00,False,2025-11-30T09:04:55.046909+00:00
239,115,LiquidityAdded,0x0c79ec061fba,1,36,0x01b388,"{""amount"": 49.52900709495031, ""outcome"": null}",2025-11-30T09:04:55.048925+00:00,False,2025-11-30T09:04:55.049070+00:00
240,116,LiquidityAdded,synthetic_market_23,0,44,0x09e0c3,"{""amount"": 19.590498525457644, ""outcome"": null}",2025-11-30T09:04:55.052553+00:00,False,2025-11-30T09:04:55.052670+00:00
241,116,LiquidityRemoved,synthetic_market_23,1,,0x0d9d4c,"{""amount"": 27.30310295004839, ""outcome"": null}",2025-11-30T09:04:55.054003+00:00,False,2025-11-30T09:04:55.054133+00:00
242,117,LiquidityRemoved,synthetic_market_6,0,,0x06b0ec,"{""amount"": 57.53886767910767, ""outcome"": null}",2025-11-30T09:04:55.058258+00:00,False,2025-11-30T09:04:55.058462+00:00
243,117,TradeExecuted,synthetic_market_6,1,23,0x072b0d,"{""amount"": 2.6844763071133855, ""outcome"": ""YES""}",2025-11-30T09:04:55.062090+00:00,False,2025-11-30T09:04:55.062271+00:00
244,117,LiquidityAdded,synthetic_market_6,2,,0x03806c,"{""amount"": 15.760928042525311, ""outcome"": null}",2025-11-30T09:04:55.064401+00:00,False,2025-11-30T09:04:55.064553+00:00
245,118,TradeExecuted,synthetic_market_3,0,,0x0eb21d,"{""amount"": 16.758743691193544, ""outcome"": ""NO""}",2025-11-30T09:04:55.068879+00:00,False,2025-11-30T09:04:55.069007+00:00
246,118,LiquidityAdded,synthetic_market_3,1,,0x06c74f,"{""amount"": 51.03399208832711, ""outcome"": null}",2025-11-30T09:04:55.070504+00:00,False,2025-11-30T09:04:55.070652+00:00
247,118,TradeExecuted,synthetic_market_3,2,34,0x079b1c,"{""amount"": 32.71838976949475, ""outcome"": ""NO""}",2025-11-30T09:04:55.072007+00:00,False,2025-11-30T09:04:55.072117+00:00
248,119,LiquidityAdded,0x030aac0c9aef,0,20,0x01e69f,"{""amount"": 26.554954814358993, ""outcome"": null}",2025-11-30T09:04:55.075204+00:00,False,2025-11-30T09:04:55.075375+00:00
249,119,LiquidityRemoved,0x030aac0c9aef,1,33,0x04bb1d,"{""amount"": 61.312154097826415, ""outcome"": null}",2025-11-30T09:04:55.078417+00:00,False,2025-11-30T09:04:55.078604+00:00
250,120,MarketResolved,0x0b7b630a1265,0,42,0x06a62f,"{""amount"": 93.37583122241963, ""outcome"": null}",2025-11-30T09:04:55.082733+00:00,False,2025-11-30T09:04:55.082858+00:00
251,121,TradeExecuted,synthetic_market_20,0,15,0x07d6b6,"{""amount"": 49.72942442665498, ""outcome"": ""NO""}",2025-11-30T09:04:55.087746+00:00,False,2025-11-30T09:04:55.087885+00:00
252,121,LiquidityRemoved,synthetic_market_20,1,,0x05d08d,"{""amount"": 4.056922371109647, ""outcome"": null}",2025-11-30T09:04:55.089441+00:00,False,2025-11-30T09:04:55.089574+00:00
253,121,LiquidityAdded,synthetic_market_20,2,41,0x04f9a9,"{""amount"": 63.63768165388308, ""outcome"": null}",2025-11-30T09:04:55.090996+00:00,False,2025-11-30T09:04:55.091123+00:00
254,122,LiquidityAdded,0x0479c7025910,0,22,0x09daa6,"{""amount"": 32.883277387660996, ""outcome"": null}",2025-11-30T09:04:55.097684+00:00,False,2025-11-30T09:04:55.097871+00:00
255,123,LiquidityRemoved,synthetic_market_27,0,19,0x0cefd5,"{""amount"": 95.1531948270042, ""outcome"": null}",2025-11-30T09:04:55.102578+00:00,False,2025-11-30T09:04:55.102753+00:00
256,123,LiquidityRemoved,synthetic_market_27,1,32,0x04362e,"{""amount"": 35.901740040319496, ""outcome"": null}",2025-11-30T09:04:55.104186+00:00,False,2025-11-30T09:04:55.104312+00:00
257,124,LiquidityRemoved,0x0399ff03d637,0,38,0x037e68,"{""amount"": 95.40268692777846, ""outcome"": null}",2025-11-30T09:04:55.110562+00:00,False,2025-11-30T09:04:55.110941+00:00
258,124,MarketResolved,0x0399ff03d637,1,27,0x0527d1,"{""amount"": 61.27678489710408, ""outcome"": null}",2025-11-30T09:04:55.113292+00:00,False,2025-11-30T09:04:55.113466+00:00
259,125,TradeExecuted,0x03da2c0a2e8a,0,18,0x0e86ae,"{""amount"": 85.75038204431348, ""outcome"": ""NO""}",2025-11-30T09:04:55.118156+00:00,False,2025-11-30T09:04:55.118291+00:00
260,125,LiquidityAdded,0x03da2c0a2e8a,1,28,0x0a18e6,"{""amount"": 17.41844777632575, ""outcome"": null}",2025-11-30T09:04:55.120837+00:00,False,2025-11-30T09:04:55.120985+00:00
262,126,TradeExecuted,0x07e6bd06c72f,0,21,0x01b0a3,"{""amount"": 6.07047880834088, ""outcome"": ""YES""}",2025-11-30T09:04:55.128395+00:00,False,2025-11-30T09:04:55.128797+00:00
263,126,TradeExecuted,0x07e6bd06c72f,1,27,0x0676a4,"{""amount"": 25.897292897632305, ""outcome"": ""NO""}",2025-11-30T09:04:55.132145+00:00,False,2025-11-30T09:04:55.132319+00:00
265,127,LiquidityRemoved,0x0a8f430d9d6a,1,35,0x0a1ad3,"{""amount"": 73.94611223543002, ""outcome"": null}",2025-11-30T09:04:55.140073+00:00,False,2025-11-30T09:04:55.140207+00:00
267,128,TradeExecuted,synthetic_market_24,0,,0x039a0b,"{""amount"": 90.7436588932238, ""outcome"": ""YES""}",2025-11-30T09:04:55.148129+00:00,False,2025-11-30T09:04:55.148283+00:00
268,128,MarketResolved,synthetic_market_24,1,,0x055c12,"{""amount"": 81.51664870286601, ""outcome"": null}",2025-11-30T09:04:55.149957+00:00,False,2025-11-30T09:04:55.150094+00:00
269,128,LiquidityAdded,synthetic_market_24,2,,0x01a0b2,"{""amount"": 53.9039131743375, ""outcome"": null}",2025-11-30T09:04:55.151737+00:00,False,2025-11-30T09:04:55.151857+00:00
271,129,LiquidityAdded,0x0751640ad8b0,1,30,0x0af5ae,"{""amount"": 29.61033031177229, ""outcome"": null}",2025-11-30T09:04:55.157725+00:00,False,2025-11-30T09:04:55.157870+00:00
273,130,TradeExecuted,0x0a1057079b24,0,,0x09db42,"{""amount"": 83.17974443784452, ""outcome"": ""NO""}",2025-11-30T09:04:55.166194+00:00,False,2025-11-30T09:04:55.166409+00:00
274,131,LiquidityAdded,0x0dea7003e301,0,20,0x0a7042,"{""amount"": 55.382246538738094, ""outcome"": null}",2025-11-30T09:04:55.171796+00:00,False,2025-11-30T09:04:55.171933+00:00
275,132,TradeExecuted,synthetic_market_22,0,32,0x0d8308,"{""amount"": 88.31710049410874, ""outcome"": ""NO""}",2025-11-30T09:04:55.176502+00:00,False,2025-11-30T09:04:55.176765+00:00
276,132,LiquidityRemoved,synthetic_market_22,1,28,0x07197c,"{""amount"": 16.792206844466488, ""outcome"": null}",2025-11-30T09:04:55.179587+00:00,False,2025-11-30T09:04:55.179819+00:00
277,133,LiquidityAdded,0x061dd204e388,0,,0x01acad,"{""amount"": 17.393720600031568, ""outcome"": null}",2025-11-30T09:04:55.183594+00:00,False,2025-11-30T09:04:55.183715+00:00
278,133,LiquidityRemoved,0x061dd204e388,1,,0x084270,"{""amount"": 61.83239442872354, ""outcome"": null}",2025-11-30T09:04:55.185309+00:00,False,2025-11-30T09:04:55.185429+00:00
279,133,TradeExecuted,0x061dd204e388,2,,0x03be9e,"{""amount"": 64.60801885927174, ""outcome"": ""NO""}",2025-11-30T09:04:55.187681+00:00,False,2025-11-30T09:04:55.187825+00:00
280,134,LiquidityRemoved,synthetic_market_25,0,20,0x0abca7,"{""amount"": 3.0395478021818088, ""outcome"": null}",2025-11-30T09:04:55.191572+00:00,False,2025-11-30T09:04:55.191698+00:00
281,134,TradeExecuted,synthetic_market_25,1,44,0x0608cc,"{""amount"": 7.6579333907255345, ""outcome"": ""YES""}",2025-11-30T09:04:55.194809+00:00,False,2025-11-30T09:04:55.195029+00:00
282,134,LiquidityAdded,synthetic_market_25,2,,0x0c7630,"{""amount"": 8.075320989018245, ""outcome"": null}",2025-11-30T09:04:55.197976+00:00,False,2025-11-30T09:04:55.198153+00:00
283,135,LiquidityRemoved,0x0305e20d4277,0,39,0x06f2bc,"{""amount"": 5.574473914617004, ""outcome"": null}",2025-11-30T09:04:55.204018+00:00,False,2025-11-30T09:04:55.204165+00:00
284,135,LiquidityAdded,0x0305e20d4277,1,42,0x01af3e,"{""amount"": 84.3905600148991, ""outcome"": null}",2025-11-30T09:04:55.205500+00:00,False,2025-11-30T09:04:55.205640+00:00
285,136,LiquidityAdded,synthetic_market_19,0,33,0x039d9c,"{""amount"": 27.061082228986415, ""outcome"": null}",2025-11-30T09:04:55.212563+00:00,False,2025-11-30T09:04:55.212750+00:00
286,136,TradeExecuted,synthetic_market_19,1,,0x060013,"{""amount"": 96.1037858090523, ""outcome"": ""YES""}",2025-11-30T09:04:55.214863+00:00,False,2025-11-30T09:04:55.215017+00:00
287,137,LiquidityAdded,synthetic_market_10,0,21,0x072aa5,"{""amount"": 42.50318091557894, ""outcome"": null}",2025-11-30T09:04:55.219885+00:00,False,2025-11-30T09:04:55.220038+00:00
288,138,LiquidityRemoved,0x0bd8ec0c19ea,0,36,0x0288f6,"{""amount"": 80.71365380204479, ""outcome"": null}",2025-11-30T09:04:55.224772+00:00,False,2025-11-30T09:04:55.224917+00:00
289,139,MarketResolved,0x059c710c3201,0,,0x0518fb,"{""amount"": 73.5540849744588, ""outcome"": null}",2025-11-30T09:04:55.231765+00:00,False,2025-11-30T09:04:55.231921+00:00
290,140,LiquidityAdded,0x0c209107eee0,0,,0x044bd2,"{""amount"": 5.917057797939972, ""outcome"": null}",2025-11-30T09:04:55.236482+00:00,False,2025-11-30T09:04:55.236655+00:00
291,140,MarketResolved,0x0c209107eee0,1,15,0x0b5d6c,"{""amount"": 3.551842071108295, ""outcome"": null}",2025-11-30T09:04:55.238273+00:00,False,2025-11-30T09:04:55.238411+00:00
292,141,TradeExecuted,synthetic_market_1,0,24,0x0c1f50,"{""amount"": 54.461438215215004, ""outcome"": ""NO""}",2025-11-30T09:04:55.245388+00:00,False,2025-11-30T09:04:55.245572+00:00
293,141,LiquidityAdded,synthetic_market_1,1,28,0x0a1bb2,"{""amount"": 94.64496632335951, ""outcome"": null}",2025-11-30T09:04:55.247355+00:00,False,2025-11-30T09:04:55.247510+00:00
294,142,LiquidityRemoved,0x07a5860b70f5,0,,0x055829,"{""amount"": 63.054463981748086, ""outcome"": null}",2025-11-30T09:04:55.251109+00:00,False,2025-11-30T09:04:55.251225+00:00
295,143,MarketResolved,synthetic_market_7,0,26,0x0af17a,"{""amount"": 52.55034208914448, ""outcome"": null}",2025-11-30T09:04:55.254869+00:00,False,2025-11-30T09:04:55.255021+00:00
298,144,TradeExecuted,0x05022e029c14,2,29,0x05bac4,"{""amount"": 49.70967899010889, ""outcome"": ""YES""}",2025-11-30T09:04:55.266474+00:00,False,2025-11-30T09:04:55.266681+00:00
299,145,MarketResolved,synthetic_market_12,0,36,0x0869a2,"{""amount"": 39.90656740921812, ""outcome"": null}",2025-11-30T09:04:55.272382+00:00,False,2025-11-30T09:04:55.272550+00:00
300,145,LiquidityRemoved,synthetic_market_12,1,34,0x09f01f,"{""amount"": 66.05525202427391, ""outcome"": null}",2025-11-30T09:04:55.274473+00:00,False,2025-11-30T09:04:55.274608+00:00
301,145,MarketResolved,synthetic_market_12,2,44,0x06e559,"{""amount"": 80.07853541190576, ""outcome"": null}",2025-11-30T09:04:55.278232+00:00,False,2025-11-30T09:04:55.278519+00:00
302,146,LiquidityAdded,0x07b7d20eddbf,0,23,0x07a6d2,"{""amount"": 51.0175701527015, ""outcome"": null}",2025-11-30T09:04:55.283410+00:00,False,2025-11-30T09:04:55.283538+00:00
303,147,TradeExecuted,0x0bde09022819,0,19,0x08b25d,"{""amount"": 79.73564847707901, ""outcome"": ""NO""}",2025-11-30T09:04:55.288680+00:00,False,2025-11-30T09:04:55.288822+00:00
304,147,MarketResolved,0x0bde09022819,1,40,0x07d03c,"{""amount"": 4.3252121462994575, ""outcome"": null}",2025-11-30T09:04:55.290835+00:00,False,2025-11-30T09:04:55.291030+00:00
305,147,TradeExecuted,0x0bde09022819,2,41,0x07504d,"{""amount"": 87.79684092648874, ""outcome"": ""NO""}",2025-11-30T09:04:55.293028+00:00,False,2025-11-30T09:04:55.293367+00:00
306,148,LiquidityAdded,synthetic_market_5,0,,0x0d8ac3,"{""amount"": 69.94167694143954, ""outcome"": null}",2025-11-30T09:04:55.299592+00:00,False,2025-11-30T09:04:55.299731+00:00
307,148,LiquidityRemoved,synthetic_market_5,1,,0x03a45f,"{""amount"": 81.87979734296411, ""outcome"": null}",2025-11-30T09:04:55.301930+00:00,False,2025-11-30T09:04:55.302080+00:00
308,148,LiquidityAdded,synthetic_market_5,2,18,0x0b4146,"{""amount"": 26.70825684675667, ""outcome"": null}",2025-11-30T09:04:55.303728+00:00,False,2025-11-30T09:04:55.303873+00:00
309,149,LiquidityRemoved,0x0a5b470dbb59,0,,0x054bd8,"{""amount"": 65.20181079877791, ""outcome"": null}",2025-11-30T09:04:55.309998+00:00,False,2025-11-30T09:04:55.310176+00:00
310,149,MarketResolved,0x0a5b470dbb59,1,22,0x0b18ef,"{""amount"": 58.58867352131956, ""outcome"": null}",2025-11-30T09:04:55.312557+00:00,False,2025-11-30T09:04:55.312751+00:00
311,149,LiquidityRemoved,0x0a5b470dbb59,2,22,0x082619,"{""amount"": 22.819962713273863, ""outcome"": null}",2025-11-30T09:04:55.314377+00:00,False,2025-11-30T09:04:55.314535+00:00
312,150,TradeExecuted,0x089b210b3c4e,0,44,0x0e8ec1,"{""amount"": 45.0421573356256, ""outcome"": ""NO""}",2025-11-30T09:04:55.318790+00:00,False,2025-11-30T09:04:55.318918+00:00
313,150,TradeExecuted,0x089b210b3c4e,1,34,0x099b0f,"{""amount"": 84.40196029948652, ""outcome"": ""YES""}",2025-11-30T09:04:55.320201+00:00,False,2025-11-30T09:04:55.320355+00:00
315,151,LiquidityRemoved,0x05acef071f2f,1,33,0x04bc4f,"{""amount"": 27.430834586445094, ""outcome"": null}",2025-11-30T09:04:55.326598+00:00,False,2025-11-30T09:04:55.327126+00:00
316,151,TradeExecuted,0x05acef071f2f,2,42,0x06f9ec,"{""amount"": 38.803647922400486, ""outcome"": ""YES""}",2025-11-30T09:04:55.330084+00:00,False,2025-11-30T09:04:55.330264+00:00
317,152,LiquidityRemoved,0x0412890d6ca3,0,,0x03a222,"{""amount"": 4.443780844696226, ""outcome"": null}",2025-11-30T09:04:55.336193+00:00,False,2025-11-30T09:04:55.336340+00:00
318,153,MarketResolved,0x07ae540f2de3,0,29,0x036c05,"{""amount"": 76.42553275357069, ""outcome"": null}",2025-11-30T09:04:55.339876+00:00,False,2025-11-30T09:04:55.340010+00:00
319,153,TradeExecuted,0x07ae540f2de3,1,42,0x0702ab,"{""amount"": 88.19022639616381, ""outcome"": ""NO""}",2025-11-30T09:04:55.341453+00:00,False,2025-11-30T09:04:55.341574+00:00
320,153,MarketResolved,0x07ae540f2de3,2,28,0x0eb9a1,"{""amount"": 44.687601982662166, ""outcome"": null}",2025-11-30T09:04:55.343544+00:00,False,2025-11-30T09:04:55.343987+00:00
321,154,LiquidityAdded,0x02b91f0909a8,0,44,0x0a0b05,"{""amount"": 57.86109390082, ""outcome"": null}",2025-11-30T09:04:55.348610+00:00,False,2025-11-30T09:04:55.348755+00:00
322,154,LiquidityAdded,0x02b91f0909a8,1,,0x02dc52,"{""amount"": 98.2040087404848, ""outcome"": null}",2025-11-30T09:04:55.350150+00:00,False,2025-11-30T09:04:55.350266+00:00
324,155,TradeExecuted,0x02e255074db2,1,19,0x076cbc,"{""amount"": 11.665756885987744, ""outcome"": ""YES""}",2025-11-30T09:04:55.354685+00:00,False,2025-11-30T09:04:55.354795+00:00
326,156,MarketResolved,0x0cc60f08ca56,0,42,0x0de3d3,"{""amount"": 12.328228003775314, ""outcome"": null}",2025-11-30T09:04:55.361654+00:00,False,2025-11-30T09:04:55.361916+00:00
327,157,LiquidityAdded,0x04e6fb05c29d,0,22,0x0a87cb,"{""amount"": 14.328751601803576, ""outcome"": null}",2025-11-30T09:04:55.367736+00:00,False,2025-11-30T09:04:55.367895+00:00
328,158,LiquidityAdded,0x06beab07f6db,0,31,0x0b4f46,"{""amount"": 93.37091298183846, ""outcome"": null}",2025-11-30T09:04:55.371555+00:00,False,2025-11-30T09:04:55.371680+00:00
329,159,LiquidityRemoved,0x0361700de2fb,0,,0x08393d,"{""amount"": 25.227098434080244, ""outcome"": null}",2025-11-30T09:04:55.374755+00:00,False,2025-11-30T09:04:55.374856+00:00
330,160,LiquidityAdded,synthetic_market_26,0,,0x051342,"{""amount"": 66.83424452936026, ""outcome"": null}",2025-11-30T09:04:55.381033+00:00,False,2025-11-30T09:04:55.381198+00:00
331,160,TradeExecuted,synthetic_market_26,1,,0x01b87e,"{""amount"": 16.135149912585664, ""outcome"": ""YES""}",2025-11-30T09:04:55.382811+00:00,False,2025-11-30T09:04:55.382934+00:00
332,160,LiquidityAdded,synthetic_market_26,2,25,0x042256,"{""amount"": 12.872949048907897, ""outcome"": null}",2025-11-30T09:04:55.384958+00:00,False,2025-11-30T09:04:55.385089+00:00
333,161,TradeExecuted,0x0cb7a205a032,0,19,0x039d08,"{""amount"": 27.786015043330103, ""outcome"": ""NO""}",2025-11-30T09:04:55.388964+00:00,False,2025-11-30T09:04:55.389104+00:00
334,162,LiquidityRemoved,0x07b0620ac054,0,27,0x05d3d7,"{""amount"": 80.21008342971567, ""outcome"": null}",2025-11-30T09:04:55.394188+00:00,False,2025-11-30T09:04:55.394763+00:00
335,162,LiquidityAdded,0x07b0620ac054,1,37,0x0879a6,"{""amount"": 61.304036971140434, ""outcome"": null}",2025-11-30T09:04:55.397391+00:00,False,2025-11-30T09:04:55.397565+00:00
336,162,LiquidityAdded,0x07b0620ac054,2,42,0x0d4935,"{""amount"": 18.314225076859568, ""outcome"": null}",2025-11-30T09:04:55.399134+00:00,False,2025-11-30T09:04:55.399283+00:00
337,163,TradeExecuted,0x080f3806dbdb,0,,0x0ea833,"{""amount"": 27.5609612677492, ""outcome"": ""NO""}",2025-11-30T09:04:55.403093+00:00,False,2025-11-30T09:04:55.403255+00:00
338,163,TradeExecuted,0x080f3806dbdb,1,32,0x048254,"{""amount"": 2.624188683031144, ""outcome"": ""YES""}",2025-11-30T09:04:55.404506+00:00,False,2025-11-30T09:04:55.404630+00:00
339,163,LiquidityRemoved,0x080f3806dbdb,2,,0x0b7879,"{""amount"": 14.109300384388282, ""outcome"": null}",2025-11-30T09:04:55.406211+00:00,False,2025-11-30T09:04:55.406349+00:00
340,164,LiquidityRemoved,0x09b4640918cb,0,38,0x06d40c,"{""amount"": 22.172019966637485, ""outcome"": null}",2025-11-30T09:04:55.411398+00:00,False,2025-11-30T09:04:55.411650+00:00
341,164,LiquidityAdded,0x09b4640918cb,1,30,0x0628be,"{""amount"": 32.3151669974575, ""outcome"": null}",2025-11-30T09:04:55.413389+00:00,False,2025-11-30T09:04:55.413546+00:00
342,164,LiquidityRemoved,0x09b4640918cb,2,17,0x0d7a03,"{""amount"": 19.455631286468588, ""outcome"": null}",2025-11-30T09:04:55.414955+00:00,False,2025-11-30T09:04:55.415106+00:00
343,165,TradeExecuted,0x0c5ceb0d7efb,0,,0x0f3d73,"{""amount"": 91.04386121850297, ""outcome"": ""NO""}",2025-11-30T09:04:55.418934+00:00,False,2025-11-30T09:04:55.419058+00:00
344,165,LiquidityRemoved,0x0c5ceb0d7efb,1,19,0x0be5db,"{""amount"": 1.9335591101894716, ""outcome"": null}",2025-11-30T09:04:55.420462+00:00,False,2025-11-30T09:04:55.420617+00:00
345,165,MarketResolved,0x0c5ceb0d7efb,2,,0x0526b8,"{""amount"": 12.649354408862129, ""outcome"": null}",2025-11-30T09:04:55.421977+00:00,False,2025-11-30T09:04:55.422095+00:00
346,166,LiquidityAdded,0x0df7fb09ddde,0,,0x0a08d1,"{""amount"": 89.04401364710749, ""outcome"": null}",2025-11-30T09:04:55.430502+00:00,False,2025-11-30T09:04:55.430725+00:00
347,166,LiquidityAdded,0x0df7fb09ddde,1,,0x0b43db,"{""amount"": 5.899804328740578, ""outcome"": null}",2025-11-30T09:04:55.432434+00:00,False,2025-11-30T09:04:55.432571+00:00
348,166,MarketResolved,0x0df7fb09ddde,2,,0x0efa7a,"{""amount"": 77.57129448000045, ""outcome"": null}",2025-11-30T09:04:55.433957+00:00,False,2025-11-30T09:04:55.434105+00:00
349,167,LiquidityAdded,0x0b0bec0d825b,0,32,0x0d6614,"{""amount"": 33.55673670749093, ""outcome"": null}",2025-11-30T09:04:55.438044+00:00,False,2025-11-30T09:04:55.438173+00:00
350,167,TradeExecuted,0x0b0bec0d825b,1,43,0x03b25d,"{""amount"": 24.099463441717674, ""outcome"": ""NO""}",2025-11-30T09:04:55.439437+00:00,False,2025-11-30T09:04:55.439555+00:00
351,168,LiquidityAdded,synthetic_market_9,0,,0x0470dc,"{""amount"": 23.110312336532886, ""outcome"": null}",2025-11-30T09:04:55.445331+00:00,False,2025-11-30T09:04:55.445520+00:00
352,168,TradeExecuted,synthetic_market_9,1,29,0x05011a,"{""amount"": 68.81966394207498, ""outcome"": ""YES""}",2025-11-30T09:04:55.447483+00:00,False,2025-11-30T09:04:55.447646+00:00
353,169,MarketResolved,0x0d8a930dd8bb,0,39,0x01c43d,"{""amount"": 25.927568198796422, ""outcome"": null}",2025-11-30T09:04:55.452629+00:00,False,2025-11-30T09:04:55.452748+00:00
354,169,LiquidityAdded,0x0d8a930dd8bb,1,35,0x0279be,"{""amount"": 36.058615635849954, ""outcome"": null}",2025-11-30T09:04:55.454265+00:00,False,2025-11-30T09:04:55.454395+00:00
355,169,LiquidityRemoved,0x0d8a930dd8bb,2,21,0x09d1cc,"{""amount"": 65.19202997855093, ""outcome"": null}",2025-11-30T09:04:55.456387+00:00,False,2025-11-30T09:04:55.456532+00:00
356,170,TradeExecuted,0x07978605fa5d,0,39,0x079596,"{""amount"": 72.69132235090444, ""outcome"": ""YES""}",2025-11-30T09:04:55.463072+00:00,False,2025-11-30T09:04:55.463258+00:00
357,170,TradeExecuted,0x07978605fa5d,1,32,0x0dd99b,"{""amount"": 48.05534583665631, ""outcome"": ""NO""}",2025-11-30T09:04:55.465041+00:00,False,2025-11-30T09:04:55.465198+00:00
358,170,LiquidityAdded,0x07978605fa5d,2,36,0x0e89db,"{""amount"": 61.361409049351344, ""outcome"": null}",2025-11-30T09:04:55.466957+00:00,False,2025-11-30T09:04:55.467151+00:00
359,171,TradeExecuted,0x03224d089fee,0,43,0x0443ce,"{""amount"": 81.85050791962621, ""outcome"": ""YES""}",2025-11-30T09:04:55.471136+00:00,False,2025-11-30T09:04:55.471273+00:00
360,171,LiquidityAdded,0x03224d089fee,1,,0x08796a,"{""amount"": 77.22912290785675, ""outcome"": null}",2025-11-30T09:04:55.472686+00:00,False,2025-11-30T09:04:55.472806+00:00
361,171,LiquidityRemoved,0x03224d089fee,2,18,0x040a4c,"{""amount"": 48.25061490431897, ""outcome"": null}",2025-11-30T09:04:55.474136+00:00,False,2025-11-30T09:04:55.474242+00:00
362,172,LiquidityRemoved,0x0af13908631c,0,20,0x0940af,"{""amount"": 19.868543398770402, ""outcome"": null}",2025-11-30T09:04:55.480558+00:00,False,2025-11-30T09:04:55.480749+00:00
363,172,TradeExecuted,0x0af13908631c,1,,0x053ec1,"{""amount"": 52.4242820862809, ""outcome"": ""YES""}",2025-11-30T09:04:55.483689+00:00,False,2025-11-30T09:04:55.483819+00:00
364,173,TradeExecuted,0x0d4c600d5b73,0,21,0x0aed6e,"{""amount"": 2.173285546197043, ""outcome"": ""YES""}",2025-11-30T09:04:55.487719+00:00,False,2025-11-30T09:04:55.487881+00:00
365,174,TradeExecuted,0x0bb5b40f0f91,0,20,0x0e9fb5,"{""amount"": 56.35011087901459, ""outcome"": ""YES""}",2025-11-30T09:04:55.491955+00:00,False,2025-11-30T09:04:55.492109+00:00
366,175,LiquidityAdded,0x074ccb04659e,0,,0x0a3a42,"{""amount"": 84.51034614627623, ""outcome"": null}",2025-11-30T09:04:55.498654+00:00,False,2025-11-30T09:04:55.498816+00:00
367,176,TradeExecuted,0x0870360d4746,0,43,0x062ba1,"{""amount"": 11.405058034380799, ""outcome"": ""YES""}",2025-11-30T09:04:55.503313+00:00,False,2025-11-30T09:04:55.503471+00:00
368,176,LiquidityRemoved,0x0870360d4746,1,16,0x0e4e72,"{""amount"": 8.77347842906589, ""outcome"": null}",2025-11-30T09:04:55.505069+00:00,False,2025-11-30T09:04:55.505188+00:00
369,177,MarketResolved,0x05f2380a6b25,0,,0x0b0a2a,"{""amount"": 36.153042490175714, ""outcome"": null}",2025-11-30T09:04:55.509823+00:00,False,2025-11-30T09:04:55.510030+00:00
370,178,LiquidityAdded,0x0aebe90309b6,0,16,0x0aa751,"{""amount"": 48.346005411128914, ""outcome"": null}",2025-11-30T09:04:55.515148+00:00,False,2025-11-30T09:04:55.515332+00:00
371,178,TradeExecuted,0x0aebe90309b6,1,24,0x041197,"{""amount"": 97.32355729126594, ""outcome"": ""YES""}",2025-11-30T09:04:55.517356+00:00,False,2025-11-30T09:04:55.517491+00:00
372,179,LiquidityAdded,0x08e9bd046efc,0,,0x0cdd67,"{""amount"": 52.49662395158483, ""outcome"": null}",2025-11-30T09:04:55.522981+00:00,False,2025-11-30T09:04:55.523113+00:00
373,179,LiquidityRemoved,0x08e9bd046efc,1,26,0x0a01ef,"{""amount"": 91.59313091431548, ""outcome"": null}",2025-11-30T09:04:55.524531+00:00,False,2025-11-30T09:04:55.524651+00:00
374,180,MarketResolved,0x063f6506c0dd,0,,0x080250,"{""amount"": 22.22833010535971, ""outcome"": null}",2025-11-30T09:04:55.531372+00:00,False,2025-11-30T09:04:55.531552+00:00
375,180,MarketResolved,0x063f6506c0dd,1,,0x062fa6,"{""amount"": 92.41670464552956, ""outcome"": null}",2025-11-30T09:04:55.533534+00:00,False,2025-11-30T09:04:55.533687+00:00
376,181,TradeExecuted,0x0c521708a031,0,20,0x0b1c42,"{""amount"": 26.375916380855355, ""outcome"": ""NO""}",2025-11-30T09:04:55.537871+00:00,False,2025-11-30T09:04:55.538016+00:00
377,181,LiquidityAdded,0x0c521708a031,1,15,0x0eed04,"{""amount"": 61.87924614751606, ""outcome"": null}",2025-11-30T09:04:55.539480+00:00,False,2025-11-30T09:04:55.539616+00:00
378,182,MarketResolved,0x0ea8680bf54b,0,18,0x022979,"{""amount"": 96.35470110693059, ""outcome"": null}",2025-11-30T09:04:55.546555+00:00,False,2025-11-30T09:04:55.546780+00:00
379,183,TradeExecuted,0x0480bd0b5607,0,38,0x01f098,"{""amount"": 74.00577378008494, ""outcome"": ""NO""}",2025-11-30T09:04:55.550876+00:00,False,2025-11-30T09:04:55.551012+00:00
380,183,TradeExecuted,0x0480bd0b5607,1,22,0x01b3bc,"{""amount"": 16.89418227993834, ""outcome"": ""YES""}",2025-11-30T09:04:55.552696+00:00,False,2025-11-30T09:04:55.552818+00:00
