id,market_id,user_id,bond_amount,status,reason,created_at,resolved_at
263,36,496,26.79,pending,Market manipulation,2025-12-29T16:59:35.012215+00:00,
247,36,537,36.09,rejected,Incorrect outcome,2025-12-29T16:58:04.012215+00:00,2025-12-30T14:58:04.012215+00:00
265,36,202,17.65,rejected,Suspicious resolution,2025-12-29T16:57:34.012215+00:00,2025-12-30T00:57:34.012215+00:00
268,36,188,10.32,rejected,Incorrect outcome,2025-12-29T16:57:20.012215+00:00,2025-12-30T06:57:20.012215+00:00
233,36,359,22.06,pending,Unfair resolution,2025-12-29T16:56:12.012215+00:00,
284,36,232,44.36,rejected,Incorrect outcome,2025-12-29T16:55:35.012215+00:00,2025-12-31T13:55:35.012215+00:00
234,36,372,32.47,rejected,Market manipulation,2025-12-29T16:53:59.012215+00:00,2025-12-30T14:53:59.012215+00:00
225,36,421,19.34,rejected,Suspicious resolution,2025-12-29T16:53:48.012215+00:00,2025-12-29T22:53:48.012215+00:00
228,36,316,26.29,rejected,Unfair resolution,2025-12-29T16:49:36.012215+00:00,2025-12-31T03:49:36.012215+00:00
252,36,503,14.06,accepted,Market manipulation,2025-12-29T16:49:15.012215+00:00,2025-12-30T16:49:15.012215+00:00
269,36,83,18.84,pending,Suspicious resolution,2025-12-29T16:47:19.012215+00:00,
257,36,438,17.94,pending,Price manipulation detected,2025-12-29T16:47:19.012215+00:00,
245,36,297,36.73,accepted,Suspicious resolution,2025-12-29T16:47:09.012215+00:00,2025-12-30T23:47:09.012215+00:00
224,36,457,32.19,rejected,Incorrect outcome,2025-12-29T16:46:53.012215+00:00,2025-12-31T04:46:53.012215+00:00
264,36,407,21.93,pending,Price manipulation detected,2025-12-29T16:46:21.012215+00:00,
261,36,57,32.4,rejected,Price manipulation detected,2025-12-29T16:46:17.012215+00:00,2025-12-30T09:46:17.012215+00:00
283,36,439,30.16,pending,Incorrect outcome,2025-12-29T16:45:40.012215+00:00,
273,36,108,32.25,rejected,Price manipulation detected,2025-12-29T16:45:30.012215+00:00,2025-12-31T09:45:30.012215+00:00
232,36,195,7.77,accepted,Suspicious resolution,2025-12-29T16:44:46.012215+00:00,2025-12-31T09:44:46.012215+00:00
229,36,478,11.64,accepted,Market manipulation,2025-12-29T16:44:20.012215+00:00,2025-12-29T19:44:20.012215+00:00
244,36,132,5.69,pending,Market manipulation,2025-12-29T16:43:31.012215+00:00,
226,36,241,11.17,rejected,Incorrect outcome,2025-12-29T16:43:12.012215+00:00,2025-12-30T12:43:12.012215+00:00
253,36,128,45.01,rejected,Incorrect outcome,2025-12-29T16:42:27.012215+00:00,2025-12-30T19:42:27.012215+00:00
227,36,155,16.07,accepted,Price manipulation detected,2025-12-29T16:42:13.012215+00:00,2025-12-29T23:42:13.012215+00:00
274,36,545,7.39,accepted,Market manipulation,2025-12-29T16:41:14.012215+00:00,2025-12-31T05:41:14.012215+00:00
256,36,291,10.5,rejected,Price manipulation detected,2025-12-29T16:41:06.012215+00:00,2025-12-31T13:41:06.012215+00:00
248,36,135,15.39,rejected,Incorrect outcome,2025-12-29T16:40:11.012215+00:00,2025-12-31T01:40:11.012215+00:00
270,36,327,43.5,accepted,Unfair resolution,2025-12-29T16:38:55.012215+00:00,2025-12-29T23:38:55.012215+00:00
259,36,94,44.04,accepted,Market manipulation,2025-12-29T16:38:50.012215+00:00,2025-12-30T16:38:50.012215+00:00
241,36,288,23.66,accepted,Suspicious resolution,2025-12-29T16:38:28.012215+00:00,2025-12-31T11:38:28.012215+00:00
276,36,177,9.41,accepted,Market manipulation,2025-12-29T16:34:47.012215+00:00,2025-12-30T04:34:47.012215+00:00
279,36,555,39.87,rejected,Incorrect outcome,2025-12-29T16:34:37.012215+00:00,2025-12-31T06:34:37.012215+00:00
242,36,294,41.48,pending,Suspicious resolution,2025-12-29T16:33:44.012215+00:00,
243,36,554,19.84,pending,Incorrect outcome,2025-12-29T16:32:32.012215+00:00,
235,36,463,45.16,pending,Price manipulation detected,2025-12-29T16:31:42.012215+00:00,
249,36,318,30.55,accepted,Incorrect outcome,2025-12-29T16:31:36.012215+00:00,2025-12-31T03:31:36.012215+00:00
236,36,68,24.34,accepted,Unfair resolution,2025-12-29T16:29:51.012215+00:00,2025-12-31T14:29:51.012215+00:00
230,36,506,26.01,pending,Suspicious resolution,2025-12-29T16:29:28.012215+00:00,
258,36,552,6.05,accepted,Market manipulation,2025-12-29T16:27:06.012215+00:00,2025-12-30T04:27:06.012215+00:00
275,36,299,16.61,rejected,Price manipulation detected,2025-12-29T16:26:58.012215+00:00,2025-12-29T17:26:58.012215+00:00
266,36,249,11.82,accepted,Price manipulation detected,2025-12-29T16:26:56.012215+00:00,2025-12-30T00:26:56.012215+00:00
271,36,364,28.6,rejected,Unfair resolution,2025-12-29T16:26:26.012215+00:00,2025-12-30T15:26:26.012215+00:00
237,36,324,30.74,rejected,Incorrect outcome,2025-12-29T16:25:09.012215+00:00,2025-12-31T14:25:09.012215+00:00
267,36,529,41.01,pending,Market manipulation,2025-12-29T16:24:39.012215+00:00,
255,36,556,42.1,pending,Price manipulation detected,2025-12-29T16:24:21.012215+00:00,
221,36,530,46.03,pending,Market manipulation,2025-12-29T16:23:48.012215+00:00,
251,36,374,32.56,rejected,Market manipulation,2025-12-29T16:22:35.012215+00:00,2025-12-30T17:22:35.012215+00:00
246,36,371,28.22,accepted,Market manipulation,2025-12-29T16:22:15.012215+00:00,2025-12-30T09:22:15.012215+00:00
254,36,311,35.89,pending,Market manipulation,2025-12-29T16:21:53.012215+00:00,
278,36,317,20.81,accepted,Suspicious resolution,2025-12-29T16:20:12.012215+00:00,2025-12-30T12:20:12.012215+00:00
262,36,542,29.79,accepted,Unfair resolution,2025-12-29T16:19:35.012215+00:00,2025-12-30T08:19:35.012215+00:00
231,36,504,33.95,rejected,Incorrect outcome,2025-12-29T16:19:28.012215+00:00,2025-12-30T05:19:28.012215+00:00
282,36,287,5.14,accepted,Market manipulation,2025-12-29T16:19:01.012215+00:00,2025-12-31T12:19:01.012215+00:00
239,36,498,22.8,pending,Suspicious resolution,2025-12-29T16:16:35.012215+00:00,
223,36,337,28.28,rejected,Unfair resolution,2025-12-29T16:15:22.012215+00:00,2025-12-31T12:15:22.012215+00:00
281,36,229,13.39,pending,Price manipulation detected,2025-12-29T16:14:59.012215+00:00,
285,36,133,14.41,accepted,Suspicious resolution,2025-12-29T16:13:35.012215+00:00,2025-12-30T09:13:35.012215+00:00
280,36,325,36.79,accepted,Unfair resolution,2025-12-29T16:11:31.012215+00:00,2025-12-29T17:11:31.012215+00:00
222,36,278,34.19,pending,Suspicious resolution,2025-12-29T16:11:25.012215+00:00,
260,36,209,21.03,accepted,Unfair resolution,2025-12-29T16:08:16.012215+00:00,2025-12-30T17:08:16.012215+00:00
238,36,433,13.11,accepted,Unfair resolution,2025-12-29T16:06:35.012215+00:00,2025-12-31T06:06:35.012215+00:00
277,36,113,45.33,pending,Price manipulation detected,2025-12-29T16:06:00.012215+00:00,
250,36,69,5.23,pending,Price manipulation detected,2025-12-29T16:04:51.012215+00:00,
240,36,436,29.17,accepted,Incorrect outcome,2025-12-29T16:04:37.012215+00:00,2025-12-30T11:04:37.012215+00:00
286,36,510,23.37,rejected,Incorrect outcome,2025-12-29T16:04:29.012215+00:00,2025-12-31T13:04:29.012215+00:00
287,36,243,43.78,pending,Incorrect outcome,2025-12-29T16:04:17.012215+00:00,
272,36,334,12.74,accepted,Market manipulation,2025-12-29T16:04:00.012215+00:00,2025-12-31T08:04:00.012215+00:00
118,15,124,13.78,rejected,Market manipulation,2025-12-25T23:54:18.962763+00:00,2025-12-26T02:54:18.962763+00:00
119,15,446,36.39,accepted,Price manipulation detected,2025-12-25T23:53:45.962763+00:00,2025-12-26T03:53:45.962763+00:00
139,15,206,38.13,rejected,Incorrect outcome,2025-12-25T23:53:29.962763+00:00,2025-12-26T16:53:29.962763+00:00
149,15,62,6.87,pending,Market manipulation,2025-12-25T23:53:18.962763+00:00,
116,15,147,17.12,rejected,Suspicious resolution,2025-12-25T23:48:29.962763+00:00,2025-12-26T13:48:29.962763+00:00
129,15,442,19.97,pending,Market manipulation,2025-12-25T23:46:17.962763+00:00,
144,15,93,40.26,pending,Price manipulation detected,2025-12-25T23:45:52.962763+00:00,
132,15,358,44.42,rejected,Suspicious resolution,2025-12-25T23:45:22.962763+00:00,2025-12-26T04:45:22.962763+00:00
152,15,181,8.02,pending,Price manipulation detected,2025-12-25T23:43:05.962763+00:00,
125,15,383,13.5,pending,Price manipulation detected,2025-12-25T23:39:35.962763+00:00,
143,15,304,46.64,pending,Suspicious resolution,2025-12-25T23:38:21.962763+00:00,
124,15,125,36.84,pending,Suspicious resolution,2025-12-25T23:38:13.962763+00:00,
122,15,445,12.88,rejected,Price manipulation detected,2025-12-25T23:38:09.962763+00:00,2025-12-27T03:38:09.962763+00:00
121,15,112,39.29,rejected,Market manipulation,2025-12-25T23:37:15.962763+00:00,2025-12-27T02:37:15.962763+00:00
138,15,318,8.61,pending,Market manipulation,2025-12-25T23:37:14.962763+00:00,
133,15,165,49.97,rejected,Market manipulation,2025-12-25T23:35:54.962763+00:00,2025-12-27T20:35:54.962763+00:00
135,15,350,25.84,accepted,Suspicious resolution,2025-12-25T23:35:00.962763+00:00,2025-12-27T13:35:00.962763+00:00
137,15,169,24.69,rejected,Market manipulation,2025-12-25T23:33:39.962763+00:00,2025-12-26T07:33:39.962763+00:00
153,15,423,15.7,pending,Price manipulation detected,2025-12-25T23:32:39.962763+00:00,
155,15,113,30.78,pending,Price manipulation detected,2025-12-25T23:31:30.962763+00:00,
140,15,155,9.88,accepted,Market manipulation,2025-12-25T23:28:24.962763+00:00,2025-12-27T04:28:24.962763+00:00
128,15,192,20.95,rejected,Market manipulation,2025-12-25T23:28:15.962763+00:00,2025-12-26T23:28:15.962763+00:00
141,15,64,14.65,accepted,Market manipulation,2025-12-25T23:26:45.962763+00:00,2025-12-27T14:26:45.962763+00:00
136,15,224,23.2,accepted,Unfair resolution,2025-12-25T23:26:19.962763+00:00,2025-12-27T16:26:19.962763+00:00
146,15,212,19.26,accepted,Price manipulation detected,2025-12-25T23:26:00.962763+00:00,2025-12-26T10:26:00.962763+00:00
151,15,70,21.01,accepted,Incorrect outcome,2025-12-25T23:25:44.962763+00:00,2025-12-26T17:25:44.962763+00:00
145,15,410,21.47,rejected,Unfair resolution,2025-12-25T23:22:27.962763+00:00,2025-12-27T18:22:27.962763+00:00
154,15,226,9.46,accepted,Unfair resolution,2025-12-25T23:21:15.962763+00:00,2025-12-27T04:21:15.962763+00:00
117,15,182,46.55,pending,Suspicious resolution,2025-12-25T23:20:42.962763+00:00,
123,15,204,28.94,accepted,Market manipulation,2025-12-25T23:19:49.962763+00:00,2025-12-26T01:19:49.962763+00:00
130,15,108,15.12,rejected,Price manipulation detected,2025-12-25T23:16:37.962763+00:00,2025-12-27T14:16:37.962763+00:00
134,15,424,8.61,pending,Unfair resolution,2025-12-25T23:16:35.962763+00:00,
126,15,520,41.5,accepted,Incorrect outcome,2025-12-25T23:14:35.962763+00:00,2025-12-27T01:14:35.962763+00:00
147,15,267,16.86,accepted,Market manipulation,2025-12-25T23:11:12.962763+00:00,2025-12-27T20:11:12.962763+00:00
148,15,277,48.05,rejected,Unfair resolution,2025-12-25T23:09:33.962763+00:00,2025-12-26T12:09:33.962763+00:00
142,15,506,13.27,rejected,Unfair resolution,2025-12-25T23:08:55.962763+00:00,2025-12-26T13:08:55.962763+00:00
120,15,376,25.28,rejected,Suspicious resolution,2025-12-25T23:08:41.962763+00:00,2025-12-26T23:08:41.962763+00:00
131,15,306,8.25,rejected,Unfair resolution,2025-12-25T23:08:24.962763+00:00,2025-12-26T10:08:24.962763+00:00
150,15,367,11.44,accepted,Incorrect outcome,2025-12-25T23:07:36.962763+00:00,2025-12-27T22:07:36.962763+00:00
127,15,74,35.36,pending,Incorrect outcome,2025-12-25T23:04:21.962763+00:00,
101,32,357,8.32,accepted,Suspicious resolution,2025-12-20T11:02:59.004370+00:00,2025-12-21T21:02:59.004370+00:00
113,32,205,47.49,accepted,Suspicious resolution,2025-12-20T11:02:43.004370+00:00,2025-12-21T07:02:43.004370+00:00
93,32,220,45.35,accepted,Price manipulation detected,2025-12-20T11:02:03.004370+00:00,2025-12-20T19:02:03.004370+00:00
111,32,397,30.98,rejected,Incorrect outcome,2025-12-20T10:57:59.004370+00:00,2025-12-21T10:57:59.004370+00:00
95,32,181,20.99,accepted,Unfair resolution,2025-12-20T10:57:27.004370+00:00,2025-12-21T06:57:27.004370+00:00
108,32,149,32.87,accepted,Price manipulation detected,2025-12-20T10:46:34.004370+00:00,2025-12-21T03:46:34.004370+00:00
103,32,257,39.78,rejected,Unfair resolution,2025-12-20T10:45:18.004370+00:00,2025-12-20T11:45:18.004370+00:00
112,32,265,15.85,rejected,Unfair resolution,2025-12-20T10:43:46.004370+00:00,2025-12-21T16:43:46.004370+00:00
94,32,90,30.64,accepted,Suspicious resolution,2025-12-20T10:43:43.004370+00:00,2025-12-21T09:43:43.004370+00:00
98,32,345,18.55,accepted,Market manipulation,2025-12-20T10:39:45.004370+00:00,2025-12-22T10:39:45.004370+00:00
90,32,247,39.36,accepted,Suspicious resolution,2025-12-20T10:36:16.004370+00:00,2025-12-20T12:36:16.004370+00:00
106,32,368,21.63,accepted,Market manipulation,2025-12-20T10:35:22.004370+00:00,2025-12-21T07:35:22.004370+00:00
110,32,460,49.25,accepted,Incorrect outcome,2025-12-20T10:35:00.004370+00:00,2025-12-21T20:35:00.004370+00:00
102,32,374,44.28,accepted,Suspicious resolution,2025-12-20T10:33:46.004370+00:00,2025-12-21T04:33:46.004370+00:00
100,32,379,32.67,rejected,Unfair resolution,2025-12-20T10:30:16.004370+00:00,2025-12-21T14:30:16.004370+00:00
96,32,81,34.83,pending,Suspicious resolution,2025-12-20T10:20:58.004370+00:00,
107,32,209,10.18,pending,Market manipulation,2025-12-20T10:17:11.004370+00:00,
91,32,463,18.12,pending,Market manipulation,2025-12-20T10:15:45.004370+00:00,
115,32,370,38.47,accepted,Price manipulation detected,2025-12-20T10:14:40.004370+00:00,2025-12-20T18:14:40.004370+00:00
92,32,495,21.02,pending,Incorrect outcome,2025-12-20T10:13:10.004370+00:00,
105,32,145,44.3,pending,Price manipulation detected,2025-12-20T10:11:41.004370+00:00,
99,32,443,32.4,pending,Incorrect outcome,2025-12-20T10:07:40.004370+00:00,
97,32,507,16.89,accepted,Unfair resolution,2025-12-20T10:07:12.004370+00:00,2025-12-21T14:07:12.004370+00:00
104,32,477,23.7,pending,Unfair resolution,2025-12-20T10:06:32.004370+00:00,
109,32,457,17.61,rejected,Incorrect outcome,2025-12-20T10:05:49.004370+00:00,2025-12-21T15:05:49.004370+00:00
114,32,386,19.36,pending,Unfair resolution,2025-12-20T10:05:17.004370+00:00,
330,39,394,36.57,accepted,Incorrect outcome,2025-12-14T14:03:45.016193+00:00,2025-12-14T15:03:45.016193+00:00
361,39,110,7.27,rejected,Market manipulation,2025-12-14T14:00:34.016193+00:00,2025-12-15T07:00:34.016193+00:00
363,39,60,42.58,pending,Suspicious resolution,2025-12-14T14:00:03.016193+00:00,
312,39,102,8.15,pending,Unfair resolution,2025-12-14T13:59:08.016193+00:00,
353,39,294,46.03,pending,Incorrect outcome,2025-12-14T13:58:52.016193+00:00,
401,39,319,26.86,pending,Suspicious resolution,2025-12-14T13:58:37.016193+00:00,
381,39,442,44.34,rejected,Price manipulation detected,2025-12-14T13:58:16.016193+00:00,2025-12-14T23:58:16.016193+00:00
383,39,261,31.92,pending,Suspicious resolution,2025-12-14T13:57:33.016193+00:00,
315,39,330,8.11,pending,Market manipulation,2025-12-14T13:57:06.016193+00:00,
347,39,439,7.39,rejected,Incorrect outcome,2025-12-14T13:56:38.016193+00:00,2025-12-16T05:56:38.016193+00:00
325,39,165,26.52,rejected,Price manipulation detected,2025-12-14T13:56:35.016193+00:00,2025-12-15T17:56:35.016193+00:00
336,39,222,38.46,accepted,Incorrect outcome,2025-12-14T13:55:25.016193+00:00,2025-12-15T04:55:25.016193+00:00
331,39,204,22.82,pending,Unfair resolution,2025-12-14T13:55:06.016193+00:00,
317,39,535,32.56,rejected,Market manipulation,2025-12-14T13:54:30.016193+00:00,2025-12-15T11:54:30.016193+00:00
398,39,112,14.27,pending,Unfair resolution,2025-12-14T13:53:25.016193+00:00,
369,39,93,41.23,pending,Price manipulation detected,2025-12-14T13:53:19.016193+00:00,
377,39,546,17.07,rejected,Suspicious resolution,2025-12-14T13:51:54.016193+00:00,2025-12-14T17:51:54.016193+00:00
376,39,70,26.45,pending,Unfair resolution,2025-12-14T13:51:26.016193+00:00,
357,39,341,26.95,rejected,Unfair resolution,2025-12-14T13:50:33.016193+00:00,2025-12-15T07:50:33.016193+00:00
355,39,152,41.65,rejected,Unfair resolution,2025-12-14T13:50:08.016193+00:00,2025-12-15T22:50:08.016193+00:00
334,39,167,17.11,rejected,Market manipulation,2025-12-14T13:49:32.016193+00:00,2025-12-15T19:49:32.016193+00:00
332,39,351,5.56,pending,Price manipulation detected,2025-12-14T13:49:13.016193+00:00,
395,39,314,47.15,rejected,Price manipulation detected,2025-12-14T13:48:59.016193+00:00,2025-12-16T13:48:59.016193+00:00
391,39,370,29.86,accepted,Unfair resolution,2025-12-14T13:48:06.016193+00:00,2025-12-14T16:48:06.016193+00:00
322,39,173,45.26,pending,Unfair resolution,2025-12-14T13:47:57.016193+00:00,
367,39,459,44.11,rejected,Incorrect outcome,2025-12-14T13:46:09.016193+00:00,2025-12-15T17:46:09.016193+00:00
340,39,449,8.26,pending,Incorrect outcome,2025-12-14T13:45:57.016193+00:00,
364,39,184,31.21,accepted,Unfair resolution,2025-12-14T13:45:16.016193+00:00,2025-12-15T00:45:16.016193+00:00
321,39,428,16.66,pending,Price manipulation detected,2025-12-14T13:45:07.016193+00:00,
371,39,197,35.97,accepted,Market manipulation,2025-12-14T13:44:22.016193+00:00,2025-12-15T08:44:22.016193+00:00
345,39,157,24.11,accepted,Suspicious resolution,2025-12-14T13:44:21.016193+00:00,2025-12-16T07:44:21.016193+00:00
352,39,107,27.65,rejected,Incorrect outcome,2025-12-14T13:43:18.016193+00:00,2025-12-16T08:43:18.016193+00:00
389,39,67,12.52,pending,Unfair resolution,2025-12-14T13:43:04.016193+00:00,
327,39,277,39.33,rejected,Price manipulation detected,2025-12-14T13:42:52.016193+00:00,2025-12-14T20:42:52.016193+00:00
314,39,509,46.94,accepted,Suspicious resolution,2025-12-14T13:39:54.016193+00:00,2025-12-15T10:39:54.016193+00:00
400,39,388,24.91,rejected,Suspicious resolution,2025-12-14T13:39:29.016193+00:00,2025-12-15T03:39:29.016193+00:00
388,39,511,22.7,pending,Unfair resolution,2025-12-14T13:39:23.016193+00:00,
335,39,462,21.46,accepted,Suspicious resolution,2025-12-14T13:37:26.016193+00:00,2025-12-14T23:37:26.016193+00:00
375,39,193,13.08,pending,Incorrect outcome,2025-12-14T13:37:19.016193+00:00,
365,39,389,27.5,rejected,Unfair resolution,2025-12-14T13:37:04.016193+00:00,2025-12-16T03:37:04.016193+00:00
360,39,416,49.63,rejected,Unfair resolution,2025-12-14T13:36:52.016193+00:00,2025-12-15T20:36:52.016193+00:00
380,39,296,43.59,rejected,Suspicious resolution,2025-12-14T13:36:31.016193+00:00,2025-12-15T23:36:31.016193+00:00
354,39,260,19.93,accepted,Suspicious resolution,2025-12-14T13:36:17.016193+00:00,2025-12-15T09:36:17.016193+00:00
374,39,435,21.6,rejected,Incorrect outcome,2025-12-14T13:35:12.016193+00:00,2025-12-15T13:35:12.016193+00:00
384,39,123,37.41,accepted,Incorrect outcome,2025-12-14T13:34:43.016193+00:00,2025-12-15T04:34:43.016193+00:00
328,39,158,19.3,accepted,Price manipulation detected,2025-12-14T13:34:08.016193+00:00,2025-12-16T09:34:08.016193+00:00
379,39,414,27.24,rejected,Suspicious resolution,2025-12-14T13:34:00.016193+00:00,2025-12-15T23:34:00.016193+00:00
338,39,401,22.25,rejected,Incorrect outcome,2025-12-14T13:33:34.016193+00:00,2025-12-15T08:33:34.016193+00:00
359,39,485,44.78,pending,Incorrect outcome,2025-12-14T13:33:26.016193+00:00,
348,39,468,5.85,accepted,Market manipulation,2025-12-14T13:31:36.016193+00:00,2025-12-15T09:31:36.016193+00:00
397,39,97,24.89,rejected,Incorrect outcome,2025-12-14T13:30:44.016193+00:00,2025-12-15T20:30:44.016193+00:00
382,39,393,44.75,rejected,Price manipulation detected,2025-12-14T13:29:19.016193+00:00,2025-12-16T08:29:19.016193+00:00
323,39,555,40.05,pending,Price manipulation detected,2025-12-14T13:28:54.016193+00:00,
316,39,491,37.92,accepted,Suspicious resolution,2025-12-14T13:27:03.016193+00:00,2025-12-14T15:27:03.016193+00:00
319,39,548,16.37,pending,Suspicious resolution,2025-12-14T13:26:56.016193+00:00,
372,39,486,8.09,rejected,Market manipulation,2025-12-14T13:25:37.016193+00:00,2025-12-15T23:25:37.016193+00:00
346,39,306,22.05,pending,Unfair resolution,2025-12-14T13:25:12.016193+00:00,
344,39,367,14.06,accepted,Incorrect outcome,2025-12-14T13:24:22.016193+00:00,2025-12-15T13:24:22.016193+00:00
396,39,358,42.22,rejected,Unfair resolution,2025-12-14T13:23:44.016193+00:00,2025-12-15T20:23:44.016193+00:00
387,39,327,25.41,pending,Incorrect outcome,2025-12-14T13:23:23.016193+00:00,
392,39,75,23.82,rejected,Unfair resolution,2025-12-14T13:22:19.016193+00:00,2025-12-15T11:22:19.016193+00:00
324,39,94,32.43,rejected,Market manipulation,2025-12-14T13:20:23.016193+00:00,2025-12-15T07:20:23.016193+00:00
366,39,505,48.2,accepted,Unfair resolution,2025-12-14T13:19:49.016193+00:00,2025-12-15T08:19:49.016193+00:00
343,39,199,11.22,pending,Unfair resolution,2025-12-14T13:19:08.016193+00:00,
320,39,357,42.5,pending,Unfair resolution,2025-12-14T13:19:01.016193+00:00,
337,39,412,31.02,pending,Price manipulation detected,2025-12-14T13:17:43.016193+00:00,
339,39,411,9.88,accepted,Unfair resolution,2025-12-14T13:17:14.016193+00:00,2025-12-14T14:17:14.016193+00:00
356,39,469,44.24,pending,Suspicious resolution,2025-12-14T13:17:14.016193+00:00,
385,39,116,13.0,pending,Price manipulation detected,2025-12-14T13:16:25.016193+00:00,
341,39,125,14.84,pending,Unfair resolution,2025-12-14T13:16:18.016193+00:00,
378,39,371,41.12,pending,Price manipulation detected,2025-12-14T13:15:19.016193+00:00,
350,39,79,9.23,accepted,Unfair resolution,2025-12-14T13:14:14.016193+00:00,2025-12-16T10:14:14.016193+00:00
390,39,280,8.6,rejected,Incorrect outcome,2025-12-14T13:14:01.016193+00:00,2025-12-15T03:14:01.016193+00:00
313,39,181,12.63,pending,Market manipulation,2025-12-14T13:13:51.016193+00:00,
393,39,198,36.29,accepted,Market manipulation,2025-12-14T13:13:39.016193+00:00,2025-12-15T18:13:39.016193+00:00
351,39,525,49.21,pending,Suspicious resolution,2025-12-14T13:13:12.016193+00:00,
362,39,504,21.95,rejected,Incorrect outcome,2025-12-14T13:13:01.016193+00:00,2025-12-16T08:13:01.016193+00:00
368,39,475,43.4,pending,Market manipulation,2025-12-14T13:12:23.016193+00:00,
399,39,212,7.18,rejected,Price manipulation detected,2025-12-14T13:12:11.016193+00:00,2025-12-15T05:12:11.016193+00:00
326,39,325,37.87,pending,Market manipulation,2025-12-14T13:10:57.016193+00:00,
373,39,78,49.78,pending,Suspicious resolution,2025-12-14T13:09:07.016193+00:00,
318,39,464,28.71,accepted,Suspicious resolution,2025-12-14T13:08:54.016193+00:00,2025-12-16T07:08:54.016193+00:00
349,39,114,23.36,accepted,Incorrect outcome,2025-12-14T13:08:23.016193+00:00,2025-12-15T11:08:23.016193+00:00
342,39,438,47.71,accepted,Price manipulation detected,2025-12-14T13:07:04.016193+00:00,2025-12-16T03:07:04.016193+00:00
386,39,113,36.62,pending,Market manipulation,2025-12-14T13:06:22.016193+00:00,
370,39,267,19.21,pending,Market manipulation,2025-12-14T13:06:07.016193+00:00,
394,39,182,20.76,rejected,Price manipulation detected,2025-12-14T13:05:25.016193+00:00,2025-12-14T22:05:25.016193+00:00
358,39,227,6.36,accepted,Suspicious resolution,2025-12-14T13:04:32.016193+00:00,2025-12-14T18:04:32.016193+00:00
333,39,126,42.05,accepted,Incorrect outcome,2025-12-14T13:04:28.016193+00:00,2025-12-15T17:04:28.016193+00:00
329,39,407,43.57,accepted,Price manipulation detected,2025-12-14T13:04:13.016193+00:00,2025-12-16T00:04:13.016193+00:00
291,38,296,12.67,rejected,Price manipulation detected,2025-12-11T17:59:46.014776+00:00,2025-12-12T01:59:46.014776+00:00
309,38,518,31.39,rejected,Incorrect outcome,2025-12-11T17:59:09.014776+00:00,2025-12-13T01:59:09.014776+00:00
308,38,470,14.91,rejected,Incorrect outcome,2025-12-11T17:54:14.014776+00:00,2025-12-13T17:54:14.014776+00:00
302,38,414,14.39,pending,Incorrect outcome,2025-12-11T17:52:21.014776+00:00,
296,38,271,14.88,pending,Price manipulation detected,2025-12-11T17:49:19.014776+00:00,
295,38,171,18.26,accepted,Price manipulation detected,2025-12-11T17:48:12.014776+00:00,2025-12-13T15:48:12.014776+00:00
306,38,77,49.82,accepted,Market manipulation,2025-12-11T17:45:59.014776+00:00,2025-12-13T11:45:59.014776+00:00
294,38,487,39.85,accepted,Incorrect outcome,2025-12-11T17:41:47.014776+00:00,2025-12-11T23:41:47.014776+00:00
299,38,506,18.8,accepted,Market manipulation,2025-12-11T17:39:49.014776+00:00,2025-12-13T00:39:49.014776+00:00
304,38,175,45.88,rejected,Unfair resolution,2025-12-11T17:37:35.014776+00:00,2025-12-13T02:37:35.014776+00:00
288,38,355,6.64,pending,Incorrect outcome,2025-12-11T17:35:26.014776+00:00,
305,38,192,44.54,rejected,Suspicious resolution,2025-12-11T17:35:06.014776+00:00,2025-12-13T02:35:06.014776+00:00
303,38,498,31.16,rejected,Unfair resolution,2025-12-11T17:35:03.014776+00:00,2025-12-13T04:35:03.014776+00:00
307,38,247,32.71,pending,Price manipulation detected,2025-12-11T17:33:34.014776+00:00,
311,38,97,12.36,accepted,Suspicious resolution,2025-12-11T17:24:29.014776+00:00,2025-12-13T04:24:29.014776+00:00
298,38,82,35.21,pending,Price manipulation detected,2025-12-11T17:24:23.014776+00:00,
301,38,268,20.95,accepted,Suspicious resolution,2025-12-11T17:19:32.014776+00:00,2025-12-12T23:19:32.014776+00:00
289,38,248,15.49,pending,Incorrect outcome,2025-12-11T17:17:54.014776+00:00,
310,38,534,6.34,pending,Suspicious resolution,2025-12-11T17:17:54.014776+00:00,
297,38,515,19.18,pending,Suspicious resolution,2025-12-11T17:13:27.014776+00:00,
292,38,424,26.88,accepted,Market manipulation,2025-12-11T17:13:12.014776+00:00,2025-12-13T08:13:12.014776+00:00
290,38,327,25.35,pending,Unfair resolution,2025-12-11T17:11:38.014776+00:00,
300,38,540,10.97,rejected,Market manipulation,2025-12-11T17:09:41.014776+00:00,2025-12-13T05:09:41.014776+00:00
293,38,531,23.68,rejected,Unfair resolution,2025-12-11T17:08:19.014776+00:00,2025-12-13T12:08:19.014776+00:00
13,16,288,41.7,accepted,Incorrect outcome,2025-12-09T15:57:40.965992+00:00,2025-12-10T15:57:40.965992+00:00
6,16,323,16.75,pending,Market manipulation,2025-12-09T15:55:44.965992+00:00,
10,16,547,46.45,pending,Incorrect outcome,2025-12-09T15:53:27.965992+00:00,
12,16,466,37.75,rejected,Price manipulation detected,2025-12-09T15:52:39.965992+00:00,2025-12-10T03:52:39.965992+00:00
11,16,499,30.85,rejected,Suspicious resolution,2025-12-09T15:52:05.965992+00:00,2025-12-11T15:52:05.965992+00:00
4,16,283,30.68,rejected,Suspicious resolution,2025-12-09T15:51:38.965992+00:00,2025-12-10T16:51:38.965992+00:00
5,16,541,20.98,rejected,Price manipulation detected,2025-12-09T15:47:50.965992+00:00,2025-12-10T15:47:50.965992+00:00
15,16,71,19.17,pending,Incorrect outcome,2025-12-09T15:46:51.965992+00:00,
8,16,168,13.27,rejected,Unfair resolution,2025-12-09T15:43:32.965992+00:00,2025-12-09T17:43:32.965992+00:00
16,16,107,12.1,pending,Price manipulation detected,2025-12-09T15:41:51.965992+00:00,
3,16,433,13.41,pending,Incorrect outcome,2025-12-09T15:36:27.965992+00:00,
19,16,438,24.59,pending,Unfair resolution,2025-12-09T15:29:53.965992+00:00,
14,16,256,37.03,accepted,Price manipulation detected,2025-12-09T15:25:07.965992+00:00,2025-12-11T09:25:07.965992+00:00
18,16,324,15.0,rejected,Unfair resolution,2025-12-09T15:14:47.965992+00:00,2025-12-09T22:14:47.965992+00:00
17,16,453,39.14,accepted,Incorrect outcome,2025-12-09T15:13:33.965992+00:00,2025-12-11T05:13:33.965992+00:00
20,16,556,40.65,rejected,Price manipulation detected,2025-12-09T15:10:33.965992+00:00,2025-12-11T11:10:33.965992+00:00
9,16,509,38.35,accepted,Suspicious resolution,2025-12-09T15:08:32.965992+00:00,2025-12-11T07:08:32.965992+00:00
7,16,211,13.56,rejected,Market manipulation,2025-12-09T15:07:21.965992+00:00,2025-12-10T08:07:21.965992+00:00
182,41,167,28.0,rejected,Incorrect outcome,2025-12-09T08:02:01.022691+00:00,2025-12-10T07:02:01.022691+00:00
171,41,299,46.26,accepted,Unfair resolution,2025-12-09T08:01:51.022691+00:00,2025-12-10T15:01:51.022691+00:00
195,41,71,15.63,rejected,Price manipulation detected,2025-12-09T07:59:36.022691+00:00,2025-12-10T03:59:36.022691+00:00
158,41,340,24.44,accepted,Price manipulation detected,2025-12-09T07:59:34.022691+00:00,2025-12-10T16:59:34.022691+00:00
198,41,494,11.11,accepted,Suspicious resolution,2025-12-09T07:58:13.022691+00:00,2025-12-09T21:58:13.022691+00:00
218,41,391,38.87,accepted,Suspicious resolution,2025-12-09T07:58:03.022691+00:00,2025-12-11T02:58:03.022691+00:00
217,41,546,24.6,accepted,Price manipulation detected,2025-12-09T07:57:54.022691+00:00,2025-12-10T22:57:54.022691+00:00
207,41,330,10.08,pending,Unfair resolution,2025-12-09T07:57:42.022691+00:00,
179,41,343,29.34,rejected,Incorrect outcome,2025-12-09T07:57:31.022691+00:00,2025-12-11T00:57:31.022691+00:00
209,41,214,32.61,pending,Market manipulation,2025-12-09T07:56:57.022691+00:00,
219,41,193,26.26,accepted,Incorrect outcome,2025-12-09T07:56:03.022691+00:00,2025-12-09T15:56:03.022691+00:00
183,41,541,27.59,pending,Unfair resolution,2025-12-09T07:54:53.022691+00:00,
181,41,316,45.56,pending,Unfair resolution,2025-12-09T07:54:49.022691+00:00,
167,41,534,18.5,pending,Incorrect outcome,2025-12-09T07:52:24.022691+00:00,
161,41,134,36.06,accepted,Incorrect outcome,2025-12-09T07:50:41.022691+00:00,2025-12-10T18:50:41.022691+00:00
212,41,262,43.89,accepted,Incorrect outcome,2025-12-09T07:50:22.022691+00:00,2025-12-10T07:50:22.022691+00:00
178,41,118,20.22,rejected,Unfair resolution,2025-12-09T07:50:15.022691+00:00,2025-12-11T07:50:15.022691+00:00
172,41,411,33.28,pending,Market manipulation,2025-12-09T07:50:11.022691+00:00,
191,41,159,18.42,pending,Unfair resolution,2025-12-09T07:49:57.022691+00:00,
175,41,149,10.03,accepted,Market manipulation,2025-12-09T07:48:40.022691+00:00,2025-12-10T15:48:40.022691+00:00
193,41,528,5.06,pending,Incorrect outcome,2025-12-09T07:48:24.022691+00:00,
159,41,187,34.49,accepted,Market manipulation,2025-12-09T07:41:23.022691+00:00,2025-12-10T04:41:23.022691+00:00
192,41,206,23.75,accepted,Unfair resolution,2025-12-09T07:37:24.022691+00:00,2025-12-10T15:37:24.022691+00:00
166,41,522,45.51,pending,Suspicious resolution,2025-12-09T07:37:17.022691+00:00,
203,41,331,33.44,accepted,Incorrect outcome,2025-12-09T07:35:46.022691+00:00,2025-12-09T15:35:46.022691+00:00
162,41,234,42.46,accepted,Price manipulation detected,2025-12-09T07:34:36.022691+00:00,2025-12-11T04:34:36.022691+00:00
185,41,168,27.21,pending,Market manipulation,2025-12-09T07:32:37.022691+00:00,
206,41,480,48.95,pending,Suspicious resolution,2025-12-09T07:32:31.022691+00:00,
184,41,444,19.23,accepted,Price manipulation detected,2025-12-09T07:32:18.022691+00:00,2025-12-10T05:32:18.022691+00:00
202,41,498,26.03,rejected,Price manipulation detected,2025-12-09T07:32:02.022691+00:00,2025-12-09T15:32:02.022691+00:00
177,41,179,22.31,accepted,Suspicious resolution,2025-12-09T07:31:30.022691+00:00,2025-12-10T01:31:30.022691+00:00
215,41,453,31.24,accepted,Suspicious resolution,2025-12-09T07:30:41.022691+00:00,2025-12-11T07:30:41.022691+00:00
164,41,100,15.1,pending,Suspicious resolution,2025-12-09T07:30:37.022691+00:00,
208,41,246,24.56,pending,Unfair resolution,2025-12-09T07:27:25.022691+00:00,
199,41,117,13.19,accepted,Price manipulation detected,2025-12-09T07:26:12.022691+00:00,2025-12-10T18:26:12.022691+00:00
216,41,282,28.5,rejected,Suspicious resolution,2025-12-09T07:25:28.022691+00:00,2025-12-10T04:25:28.022691+00:00
180,41,225,16.96,accepted,Price manipulation detected,2025-12-09T07:23:26.022691+00:00,2025-12-10T05:23:26.022691+00:00
201,41,545,16.57,rejected,Unfair resolution,2025-12-09T07:22:30.022691+00:00,2025-12-11T06:22:30.022691+00:00
220,41,323,5.3,rejected,Price manipulation detected,2025-12-09T07:22:11.022691+00:00,2025-12-09T16:22:11.022691+00:00
205,41,194,21.84,accepted,Price manipulation detected,2025-12-09T07:20:18.022691+00:00,2025-12-11T05:20:18.022691+00:00
168,41,334,29.49,accepted,Market manipulation,2025-12-09T07:19:33.022691+00:00,2025-12-10T14:19:33.022691+00:00
213,41,131,24.49,rejected,Unfair resolution,2025-12-09T07:18:29.022691+00:00,2025-12-11T02:18:29.022691+00:00
156,41,107,9.77,rejected,Market manipulation,2025-12-09T07:16:47.022691+00:00,2025-12-09T15:16:47.022691+00:00
196,41,375,14.27,pending,Unfair resolution,2025-12-09T07:16:27.022691+00:00,
194,41,511,27.72,accepted,Unfair resolution,2025-12-09T07:16:22.022691+00:00,2025-12-10T11:16:22.022691+00:00
188,41,304,42.34,accepted,Price manipulation detected,2025-12-09T07:16:18.022691+00:00,2025-12-09T13:16:18.022691+00:00
211,41,542,13.74,rejected,Incorrect outcome,2025-12-09T07:14:46.022691+00:00,2025-12-09T23:14:46.022691+00:00
169,41,441,27.97,accepted,Incorrect outcome,2025-12-09T07:13:06.022691+00:00,2025-12-09T15:13:06.022691+00:00
157,41,236,37.62,accepted,Incorrect outcome,2025-12-09T07:13:03.022691+00:00,2025-12-10T21:13:03.022691+00:00
173,41,208,48.47,pending,Market manipulation,2025-12-09T07:12:42.022691+00:00,
170,41,502,35.91,rejected,Suspicious resolution,2025-12-09T07:12:36.022691+00:00,2025-12-09T10:12:36.022691+00:00
204,41,104,8.09,pending,Market manipulation,2025-12-09T07:12:25.022691+00:00,
189,41,308,11.81,pending,Unfair resolution,2025-12-09T07:11:18.022691+00:00,
186,41,144,47.33,accepted,Price manipulation detected,2025-12-09T07:11:15.022691+00:00,2025-12-10T05:11:15.022691+00:00
200,41,430,10.28,accepted,Price manipulation detected,2025-12-09T07:10:34.022691+00:00,2025-12-09T12:10:34.022691+00:00
187,41,376,12.74,accepted,Incorrect outcome,2025-12-09T07:10:07.022691+00:00,2025-12-11T04:10:07.022691+00:00
165,41,101,6.87,pending,Unfair resolution,2025-12-09T07:09:26.022691+00:00,
176,41,137,27.06,accepted,Incorrect outcome,2025-12-09T07:08:22.022691+00:00,2025-12-11T03:08:22.022691+00:00
160,41,455,31.58,pending,Market manipulation,2025-12-09T07:08:20.022691+00:00,
214,41,383,28.22,rejected,Market manipulation,2025-12-09T07:08:06.022691+00:00,2025-12-10T12:08:06.022691+00:00
174,41,533,19.2,rejected,Suspicious resolution,2025-12-09T07:07:23.022691+00:00,2025-12-10T12:07:23.022691+00:00
163,41,414,17.75,rejected,Unfair resolution,2025-12-09T07:07:15.022691+00:00,2025-12-11T01:07:15.022691+00:00
190,41,70,23.56,rejected,Incorrect outcome,2025-12-09T07:05:28.022691+00:00,2025-12-10T09:05:28.022691+00:00
197,41,283,44.37,rejected,Market manipulation,2025-12-09T07:04:38.022691+00:00,2025-12-09T09:04:38.022691+00:00
210,41,174,49.14,accepted,Unfair resolution,2025-12-09T07:04:31.022691+00:00,2025-12-09T18:04:31.022691+00:00
25,21,203,13.72,accepted,Price manipulation detected,2025-12-05T16:59:38.978744+00:00,2025-12-05T20:59:38.978744+00:00
44,21,324,10.88,pending,Suspicious resolution,2025-12-05T16:59:21.978744+00:00,
71,21,483,10.48,pending,Suspicious resolution,2025-12-05T16:58:28.978744+00:00,
77,21,113,31.01,pending,Incorrect outcome,2025-12-05T16:58:21.978744+00:00,
65,21,79,31.9,rejected,Market manipulation,2025-12-05T16:57:48.978744+00:00,2025-12-05T17:57:48.978744+00:00
47,21,525,44.33,pending,Suspicious resolution,2025-12-05T16:57:47.978744+00:00,
81,21,482,33.64,pending,Price manipulation detected,2025-12-05T16:57:38.978744+00:00,
38,21,150,35.88,pending,Incorrect outcome,2025-12-05T16:56:55.978744+00:00,
82,21,178,11.68,pending,Market manipulation,2025-12-05T16:56:25.978744+00:00,
23,21,448,7.77,accepted,Market manipulation,2025-12-05T16:51:46.978744+00:00,2025-12-07T00:51:46.978744+00:00
74,21,491,43.57,pending,Suspicious resolution,2025-12-05T16:50:30.978744+00:00,
66,21,126,24.43,pending,Price manipulation detected,2025-12-05T16:50:29.978744+00:00,
55,21,367,35.86,accepted,Unfair resolution,2025-12-05T16:47:51.978744+00:00,2025-12-07T06:47:51.978744+00:00
37,21,66,6.9,accepted,Incorrect outcome,2025-12-05T16:47:31.978744+00:00,2025-12-06T07:47:31.978744+00:00
72,21,248,48.87,pending,Market manipulation,2025-12-05T16:47:15.978744+00:00,
36,21,164,39.19,accepted,Price manipulation detected,2025-12-05T16:46:49.978744+00:00,2025-12-06T15:46:49.978744+00:00
60,21,261,37.73,pending,Market manipulation,2025-12-05T16:45:56.978744+00:00,
78,21,445,38.18,pending,Market manipulation,2025-12-05T16:45:42.978744+00:00,
54,21,169,41.63,accepted,Incorrect outcome,2025-12-05T16:45:33.978744+00:00,2025-12-05T21:45:33.978744+00:00
73,21,462,15.89,accepted,Price manipulation detected,2025-12-05T16:45:10.978744+00:00,2025-12-07T14:45:10.978744+00:00
24,21,212,30.08,rejected,Unfair resolution,2025-12-05T16:44:47.978744+00:00,2025-12-06T06:44:47.978744+00:00
63,21,240,9.3,rejected,Incorrect outcome,2025-12-05T16:44:17.978744+00:00,2025-12-07T01:44:17.978744+00:00
40,21,230,48.76,accepted,Market manipulation,2025-12-05T16:40:54.978744+00:00,2025-12-07T15:40:54.978744+00:00
29,21,464,17.38,accepted,Market manipulation,2025-12-05T16:40:16.978744+00:00,2025-12-07T06:40:16.978744+00:00
70,21,446,17.67,rejected,Market manipulation,2025-12-05T16:39:23.978744+00:00,2025-12-06T13:39:23.978744+00:00
64,21,238,11.27,pending,Suspicious resolution,2025-12-05T16:39:01.978744+00:00,
33,21,133,46.8,accepted,Market manipulation,2025-12-05T16:38:41.978744+00:00,2025-12-06T02:38:41.978744+00:00
50,21,284,24.69,pending,Unfair resolution,2025-12-05T16:38:39.978744+00:00,
58,21,143,18.87,rejected,Incorrect outcome,2025-12-05T16:36:55.978744+00:00,2025-12-05T18:36:55.978744+00:00
61,21,60,45.31,accepted,Price manipulation detected,2025-12-05T16:36:05.978744+00:00,2025-12-06T06:36:05.978744+00:00
26,21,465,20.53,pending,Price manipulation detected,2025-12-05T16:36:02.978744+00:00,
59,21,384,48.77,accepted,Suspicious resolution,2025-12-05T16:32:28.978744+00:00,2025-12-06T20:32:28.978744+00:00
39,21,507,41.11,pending,Suspicious resolution,2025-12-05T16:32:20.978744+00:00,
89,21,476,10.08,pending,Unfair resolution,2025-12-05T16:32:01.978744+00:00,
76,21,370,46.31,accepted,Suspicious resolution,2025-12-05T16:31:50.978744+00:00,2025-12-06T01:31:50.978744+00:00
57,21,193,40.36,rejected,Price manipulation detected,2025-12-05T16:31:44.978744+00:00,2025-12-05T18:31:44.978744+00:00
21,21,68,47.62,accepted,Incorrect outcome,2025-12-05T16:31:38.978744+00:00,2025-12-07T07:31:38.978744+00:00
48,21,480,47.04,accepted,Suspicious resolution,2025-12-05T16:27:55.978744+00:00,2025-12-06T03:27:55.978744+00:00
67,21,396,35.8,accepted,Incorrect outcome,2025-12-05T16:27:18.978744+00:00,2025-12-05T21:27:18.978744+00:00
32,21,130,7.75,pending,Price manipulation detected,2025-12-05T16:27:11.978744+00:00,
43,21,315,22.12,rejected,Unfair resolution,2025-12-05T16:25:38.978744+00:00,2025-12-05T21:25:38.978744+00:00
86,21,168,30.78,accepted,Unfair resolution,2025-12-05T16:25:27.978744+00:00,2025-12-06T21:25:27.978744+00:00
75,21,357,22.11,rejected,Incorrect outcome,2025-12-05T16:25:20.978744+00:00,2025-12-07T06:25:20.978744+00:00
27,21,494,48.96,accepted,Market manipulation,2025-12-05T16:23:08.978744+00:00,2025-12-07T14:23:08.978744+00:00
84,21,452,40.36,pending,Unfair resolution,2025-12-05T16:23:07.978744+00:00,
45,21,342,18.0,rejected,Incorrect outcome,2025-12-05T16:21:35.978744+00:00,2025-12-07T03:21:35.978744+00:00
62,21,335,43.09,rejected,Unfair resolution,2025-12-05T16:20:38.978744+00:00,2025-12-05T21:20:38.978744+00:00
35,21,443,13.06,pending,Suspicious resolution,2025-12-05T16:19:38.978744+00:00,
88,21,349,8.86,accepted,Suspicious resolution,2025-12-05T16:18:09.978744+00:00,2025-12-07T04:18:09.978744+00:00
56,21,307,49.01,pending,Price manipulation detected,2025-12-05T16:17:25.978744+00:00,
80,21,549,20.92,pending,Unfair resolution,2025-12-05T16:16:48.978744+00:00,
46,21,243,30.37,pending,Price manipulation detected,2025-12-05T16:15:40.978744+00:00,
87,21,461,43.96,accepted,Price manipulation detected,2025-12-05T16:13:43.978744+00:00,2025-12-06T17:13:43.978744+00:00
28,21,100,40.66,rejected,Suspicious resolution,2025-12-05T16:12:13.978744+00:00,2025-12-07T03:12:13.978744+00:00
85,21,219,40.53,accepted,Unfair resolution,2025-12-05T16:11:26.978744+00:00,2025-12-06T06:11:26.978744+00:00
34,21,199,44.02,accepted,Price manipulation detected,2025-12-05T16:11:18.978744+00:00,2025-12-06T06:11:18.978744+00:00
30,21,189,21.08,pending,Unfair resolution,2025-12-05T16:10:42.978744+00:00,
68,21,258,32.37,accepted,Market manipulation,2025-12-05T16:09:27.978744+00:00,2025-12-06T06:09:27.978744+00:00
49,21,518,19.24,rejected,Suspicious resolution,2025-12-05T16:09:16.978744+00:00,2025-12-07T07:09:16.978744+00:00
53,21,490,11.32,pending,Suspicious resolution,2025-12-05T16:09:01.978744+00:00,
42,21,223,15.3,rejected,Market manipulation,2025-12-05T16:08:32.978744+00:00,2025-12-07T08:08:32.978744+00:00
79,21,403,27.52,accepted,Market manipulation,2025-12-05T16:07:53.978744+00:00,2025-12-06T21:07:53.978744+00:00
31,21,317,43.22,rejected,Incorrect outcome,2025-12-05T16:07:15.978744+00:00,2025-12-07T05:07:15.978744+00:00
41,21,371,34.89,accepted,Market manipulation,2025-12-05T16:05:58.978744+00:00,2025-12-07T08:05:58.978744+00:00
69,21,137,5.65,accepted,Incorrect outcome,2025-12-05T16:05:51.978744+00:00,2025-12-07T03:05:51.978744+00:00
51,21,163,24.9,rejected,Incorrect outcome,2025-12-05T16:05:15.978744+00:00,2025-12-06T12:05:15.978744+00:00
22,21,387,25.92,pending,Price manipulation detected,2025-12-05T16:04:49.978744+00:00,
83,21,488,13.36,rejected,Price manipulation detected,2025-12-05T16:04:44.978744+00:00,2025-12-06T13:04:44.978744+00:00
52,21,361,33.79,accepted,Suspicious resolution,2025-12-05T16:04:36.978744+00:00,2025-12-06T18:04:36.978744+00:00
