id,market_id,yes_price,no_price,timestamp
372,30,0.48382,0.51618,2025-12-01T13:04:53.037572+00:00
371,30,0.518666,0.481334,2025-12-01T08:04:53.037572+00:00
107,18,0.428595,0.571405,2025-12-01T01:04:51.908383+00:00
370,30,0.53289,0.46711,2025-11-30T23:04:53.037572+00:00
369,30,0.499639,0.500361,2025-11-30T16:04:53.037572+00:00
106,18,0.470588,0.529412,2025-11-30T13:04:51.908383+00:00
431,33,0.732029,0.267971,2025-11-30T12:04:53.268212+00:00
368,30,0.513475,0.486525,2025-11-30T12:04:53.037572+00:00
281,26,0.518802,0.481198,2025-11-30T12:04:52.642388+00:00
589,41,0.564002,0.435998,2025-11-30T11:04:53.902354+00:00
280,26,0.534372,0.465628,2025-11-30T11:04:52.642388+00:00
134,19,0.678067,0.321933,2025-11-30T09:04:52.030825+00:00
430,33,0.70421,0.29579,2025-11-30T08:04:53.268212+00:00
133,19,0.644033,0.355967,2025-11-30T06:04:52.030825+00:00
429,33,0.71934,0.28066,2025-11-30T05:04:53.268212+00:00
588,41,0.570919,0.429081,2025-11-30T03:04:53.902354+00:00
367,30,0.516586,0.483414,2025-11-30T03:04:53.037572+00:00
132,19,0.619836,0.380164,2025-11-30T03:04:52.030825+00:00
105,18,0.487437,0.512563,2025-11-30T03:04:51.908383+00:00
428,33,0.694292,0.305708,2025-11-30T02:04:53.268212+00:00
279,26,0.572234,0.427766,2025-11-30T00:04:52.642388+00:00
513,37,0.402873,0.597127,2025-11-29T23:04:53.593123+00:00
278,26,0.524755,0.475245,2025-11-29T23:04:52.642388+00:00
587,41,0.618752,0.381248,2025-11-29T22:04:53.902354+00:00
277,26,0.56628,0.43372,2025-11-29T22:04:52.642388+00:00
512,37,0.431263,0.568737,2025-11-29T21:04:53.593123+00:00
586,41,0.598974,0.401026,2025-11-29T20:04:53.902354+00:00
276,26,0.589553,0.410447,2025-11-29T20:04:52.642388+00:00
511,37,0.457271,0.542729,2025-11-29T17:04:53.593123+00:00
131,19,0.642636,0.357364,2025-11-29T17:04:52.030825+00:00
104,18,0.509925,0.490075,2025-11-29T16:04:51.908383+00:00
427,33,0.65159,0.34841,2025-11-29T15:04:53.268212+00:00
366,30,0.492135,0.507865,2025-11-29T15:04:53.037572+00:00
275,26,0.562339,0.437661,2025-11-29T14:04:52.642388+00:00
130,19,0.618693,0.381307,2025-11-29T14:04:52.030825+00:00
585,41,0.642127,0.357873,2025-11-29T13:04:53.902354+00:00
342,29,0.586766,0.413234,2025-11-29T13:04:52.952414+00:00
365,30,0.518918,0.481082,2025-11-29T12:04:53.037572+00:00
103,18,0.532707,0.467293,2025-11-29T12:04:51.908383+00:00
129,19,0.57185,0.42815,2025-11-29T09:04:52.030825+00:00
510,37,0.491249,0.508751,2025-11-29T08:04:53.593123+00:00
102,18,0.517296,0.482704,2025-11-29T08:04:51.908383+00:00
426,33,0.651384,0.348616,2025-11-29T07:04:53.268212+00:00
584,41,0.638705,0.361295,2025-11-29T05:04:53.902354+00:00
563,40,0.520014,0.479986,2025-11-29T05:04:53.816220+00:00
274,26,0.595326,0.404674,2025-11-29T05:04:52.642388+00:00
583,41,0.593069,0.406931,2025-11-29T04:04:53.902354+00:00
364,30,0.502106,0.497894,2025-11-29T04:04:53.037572+00:00
128,19,0.577244,0.422756,2025-11-29T04:04:52.030825+00:00
509,37,0.509124,0.490876,2025-11-29T03:04:53.593123+00:00
127,19,0.62385,0.37615,2025-11-29T03:04:52.030825+00:00
425,33,0.647782,0.352218,2025-11-29T02:04:53.268212+00:00
341,29,0.581377,0.418623,2025-11-29T02:04:52.952414+00:00
234,24,0.571485,0.428515,2025-11-29T02:04:52.492300+00:00
393,31,0.412261,0.587739,2025-11-29T01:04:53.150068+00:00
273,26,0.581529,0.418471,2025-11-29T01:04:52.642388+00:00
78,17,0.699778,0.300222,2025-11-28T23:04:51.817064+00:00
452,34,0.25085,0.74915,2025-11-28T22:04:53.371950+00:00
233,24,0.53048,0.46952,2025-11-28T22:04:52.492300+00:00
160,20,0.586428,0.413572,2025-11-28T22:04:52.126838+00:00
101,18,0.550231,0.449769,2025-11-28T22:04:51.908383+00:00
44,15,0.550501,0.449499,2025-11-28T22:04:51.668191+00:00
300,27,0.547378,0.452622,2025-11-28T21:04:52.752511+00:00
562,40,0.483239,0.516761,2025-11-28T20:04:53.816220+00:00
363,30,0.501272,0.498728,2025-11-28T20:04:53.037572+00:00
77,17,0.73301,0.26699,2025-11-28T20:04:51.817064+00:00
561,40,0.489112,0.510888,2025-11-28T19:04:53.816220+00:00
424,33,0.682732,0.317268,2025-11-28T19:04:53.268212+00:00
100,18,0.594035,0.405965,2025-11-28T19:04:51.908383+00:00
392,31,0.395336,0.604664,2025-11-28T18:04:53.150068+00:00
340,29,0.564765,0.435235,2025-11-28T18:04:52.952414+00:00
232,24,0.480746,0.519254,2025-11-28T18:04:52.492300+00:00
43,15,0.540754,0.459246,2025-11-28T18:04:51.668191+00:00
451,34,0.257237,0.742763,2025-11-28T17:04:53.371950+00:00
126,19,0.654585,0.345415,2025-11-28T17:04:52.030825+00:00
582,41,0.567414,0.432586,2025-11-28T16:04:53.902354+00:00
508,37,0.546016,0.453984,2025-11-28T16:04:53.593123+00:00
471,35,0.71036,0.28964,2025-11-28T16:04:53.458919+00:00
423,33,0.657083,0.342917,2025-11-28T16:04:53.268212+00:00
391,31,0.445148,0.554852,2025-11-28T16:04:53.150068+00:00
507,37,0.565084,0.434916,2025-11-28T15:04:53.593123+00:00
321,28,0.373743,0.626257,2025-11-28T15:04:52.831166+00:00
299,27,0.50388,0.49612,2025-11-28T15:04:52.752511+00:00
272,26,0.60104,0.39896,2025-11-28T15:04:52.642388+00:00
99,18,0.581498,0.418502,2025-11-28T15:04:51.908383+00:00
470,35,0.712295,0.287705,2025-11-28T14:04:53.458919+00:00
159,20,0.588693,0.411307,2025-11-28T14:04:52.126838+00:00
320,28,0.414584,0.585416,2025-11-28T13:04:52.831166+00:00
158,20,0.618645,0.381355,2025-11-28T12:04:52.126838+00:00
581,41,0.519281,0.480719,2025-11-28T10:04:53.902354+00:00
390,31,0.423131,0.576869,2025-11-28T10:04:53.150068+00:00
271,26,0.619535,0.380465,2025-11-28T10:04:52.642388+00:00
125,19,0.64757,0.35243,2025-11-28T10:04:52.030825+00:00
76,17,0.692207,0.307793,2025-11-28T10:04:51.817064+00:00
98,18,0.56716,0.43284,2025-11-28T09:04:51.908383+00:00
362,30,0.546934,0.453066,2025-11-28T08:04:53.037572+00:00
339,29,0.523551,0.476449,2025-11-28T08:04:52.952414+00:00
42,15,0.518368,0.481632,2025-11-28T08:04:51.668191+00:00
560,40,0.450219,0.549781,2025-11-28T07:04:53.816220+00:00
469,35,0.731957,0.268043,2025-11-28T07:04:53.458919+00:00
252,25,0.616891,0.383109,2025-11-28T07:04:52.574919+00:00
231,24,0.44035,0.55965,2025-11-28T07:04:52.492300+00:00
124,19,0.626527,0.373473,2025-11-28T07:04:52.030825+00:00
75,17,0.717118,0.282882,2025-11-28T07:04:51.817064+00:00
450,34,0.272755,0.727245,2025-11-28T06:04:53.371950+00:00
319,28,0.420125,0.579875,2025-11-28T06:04:52.831166+00:00
422,33,0.60739,0.39261,2025-11-28T05:04:53.268212+00:00
580,41,0.567991,0.432009,2025-11-28T04:04:53.902354+00:00
338,29,0.488162,0.511838,2025-11-28T04:04:52.952414+00:00
506,37,0.564028,0.435972,2025-11-28T03:04:53.593123+00:00
468,35,0.768113,0.231887,2025-11-28T03:04:53.458919+00:00
337,29,0.490984,0.509016,2025-11-28T03:04:52.952414+00:00
298,27,0.481987,0.518013,2025-11-28T03:04:52.752511+00:00
270,26,0.661936,0.338064,2025-11-28T03:04:52.642388+00:00
74,17,0.670595,0.329405,2025-11-28T03:04:51.817064+00:00
449,34,0.238863,0.761137,2025-11-28T02:04:53.371950+00:00
361,30,0.560493,0.439507,2025-11-28T02:04:53.037572+00:00
318,28,0.384974,0.615026,2025-11-28T02:04:52.831166+00:00
41,15,0.535367,0.464633,2025-11-28T02:04:51.668191+00:00
389,31,0.450326,0.549674,2025-11-28T01:04:53.150068+00:00
230,24,0.390764,0.609236,2025-11-28T01:04:52.492300+00:00
157,20,0.606953,0.393047,2025-11-28T01:04:52.126838+00:00
73,17,0.635731,0.364269,2025-11-28T01:04:51.817064+00:00
448,34,0.268121,0.731879,2025-11-28T00:04:53.371950+00:00
606,42,0.484098,0.515902,2025-11-27T23:04:53.995085+00:00
176,21,0.361926,0.638074,2025-11-27T23:04:52.259767+00:00
72,17,0.600334,0.399666,2025-11-27T23:04:51.817064+00:00
605,42,0.526602,0.473398,2025-11-27T22:04:53.995085+00:00
123,19,0.675442,0.324558,2025-11-27T22:04:52.030825+00:00
559,40,0.490023,0.509977,2025-11-27T21:04:53.816220+00:00
388,31,0.463954,0.536046,2025-11-27T21:04:53.150068+00:00
97,18,0.551104,0.448896,2025-11-27T21:04:51.908383+00:00
421,33,0.60041,0.39959,2025-11-27T20:04:53.268212+00:00
387,31,0.488483,0.511517,2025-11-27T20:04:53.150068+00:00
336,29,0.526715,0.473285,2025-11-27T20:04:52.952414+00:00
297,27,0.476266,0.523734,2025-11-27T20:04:52.752511+00:00
40,15,0.563175,0.436825,2025-11-27T20:04:51.668191+00:00
579,41,0.57684,0.42316,2025-11-27T19:04:53.902354+00:00
505,37,0.554676,0.445324,2025-11-27T19:04:53.593123+00:00
467,35,0.735399,0.264601,2025-11-27T19:04:53.458919+00:00
386,31,0.536746,0.463254,2025-11-27T19:04:53.150068+00:00
251,25,0.575245,0.424755,2025-11-27T19:04:52.574919+00:00
558,40,0.461258,0.538742,2025-11-27T18:04:53.816220+00:00
156,20,0.656549,0.343451,2025-11-27T18:04:52.126838+00:00
296,27,0.497231,0.502769,2025-11-27T17:04:52.752511+00:00
214,23,0.611281,0.388719,2025-11-27T17:04:52.405577+00:00
175,21,0.387525,0.612475,2025-11-27T17:04:52.259767+00:00
604,42,0.519557,0.480443,2025-11-27T16:04:53.995085+00:00
504,37,0.572239,0.427761,2025-11-27T16:04:53.593123+00:00
447,34,0.31112,0.68888,2025-11-27T16:04:53.371950+00:00
155,20,0.617791,0.382209,2025-11-27T16:04:52.126838+00:00
39,15,0.598827,0.401173,2025-11-27T16:04:51.668191+00:00
317,28,0.366538,0.633462,2025-11-27T15:04:52.831166+00:00
269,26,0.615309,0.384691,2025-11-27T15:04:52.642388+00:00
229,24,0.342717,0.657283,2025-11-27T15:04:52.492300+00:00
213,23,0.609598,0.390402,2025-11-27T15:04:52.405577+00:00
360,30,0.569559,0.430441,2025-11-27T14:04:53.037572+00:00
335,29,0.524702,0.475298,2025-11-27T14:04:52.952414+00:00
359,30,0.607153,0.392847,2025-11-27T13:04:53.037572+00:00
603,42,0.49518,0.50482,2025-11-27T12:04:53.995085+00:00
466,35,0.705889,0.294111,2025-11-27T12:04:53.458919+00:00
334,29,0.553036,0.446964,2025-11-27T12:04:52.952414+00:00
268,26,0.573144,0.426856,2025-11-27T12:04:52.642388+00:00
154,20,0.636581,0.363419,2025-11-27T12:04:52.126838+00:00
122,19,0.667702,0.332298,2025-11-27T12:04:52.030825+00:00
38,15,0.560191,0.439809,2025-11-27T12:04:51.668191+00:00
420,33,0.611815,0.388185,2025-11-27T11:04:53.268212+00:00
295,27,0.463302,0.536698,2025-11-27T11:04:52.752511+00:00
250,25,0.546052,0.453948,2025-11-27T11:04:52.574919+00:00
153,20,0.611626,0.388374,2025-11-27T11:04:52.126838+00:00
71,17,0.619149,0.380851,2025-11-27T11:04:51.817064+00:00
37,15,0.547118,0.452882,2025-11-27T11:04:51.668191+00:00
446,34,0.292392,0.707608,2025-11-27T10:04:53.371950+00:00
267,26,0.539451,0.460549,2025-11-27T10:04:52.642388+00:00
228,24,0.329001,0.670999,2025-11-27T10:04:52.492300+00:00
96,18,0.54783,0.45217,2025-11-27T10:04:51.908383+00:00
358,30,0.609576,0.390424,2025-11-27T09:04:53.037572+00:00
578,41,0.621626,0.378374,2025-11-27T08:04:53.902354+00:00
503,37,0.593187,0.406813,2025-11-27T08:04:53.593123+00:00
385,31,0.521374,0.478626,2025-11-27T08:04:53.150068+00:00
70,17,0.630129,0.369871,2025-11-27T08:04:51.817064+00:00
624,43,0.339109,0.660891,2025-11-27T07:04:54.061248+00:00
174,21,0.407433,0.592567,2025-11-27T07:04:52.259767+00:00
577,41,0.638436,0.361564,2025-11-27T06:04:53.902354+00:00
557,40,0.453118,0.546882,2025-11-27T06:04:53.816220+00:00
152,20,0.563672,0.436328,2025-11-27T06:04:52.126838+00:00
445,34,0.331763,0.668237,2025-11-27T05:04:53.371950+00:00
419,33,0.593451,0.406549,2025-11-27T05:04:53.268212+00:00
294,27,0.481459,0.518541,2025-11-27T05:04:52.752511+00:00
36,15,0.567007,0.432993,2025-11-27T05:04:51.668191+00:00
576,41,0.616305,0.383695,2025-11-27T04:04:53.902354+00:00
502,37,0.581853,0.418147,2025-11-27T04:04:53.593123+00:00
333,29,0.5676,0.4324,2025-11-27T04:04:52.952414+00:00
266,26,0.56216,0.43784,2025-11-27T04:04:52.642388+00:00
173,21,0.444488,0.555512,2025-11-27T04:04:52.259767+00:00
95,18,0.540328,0.459672,2025-11-27T04:04:51.908383+00:00
357,30,0.588768,0.411232,2025-11-27T03:04:53.037572+00:00
316,28,0.393315,0.606685,2025-11-27T03:04:52.831166+00:00
212,23,0.635994,0.364006,2025-11-27T03:04:52.405577+00:00
121,19,0.65591,0.34409,2025-11-27T03:04:52.030825+00:00
384,31,0.486746,0.513254,2025-11-27T02:04:53.150068+00:00
356,30,0.567596,0.432404,2025-11-27T02:04:53.037572+00:00
69,17,0.640218,0.359782,2025-11-27T02:04:51.817064+00:00
151,20,0.530805,0.469195,2025-11-27T01:04:52.126838+00:00
623,43,0.381545,0.618455,2025-11-27T00:04:54.061248+00:00
602,42,0.490848,0.509152,2025-11-27T00:04:53.995085+00:00
465,35,0.696211,0.303789,2025-11-27T00:04:53.458919+00:00
383,31,0.467792,0.532208,2025-11-27T00:04:53.150068+00:00
293,27,0.460566,0.539434,2025-11-27T00:04:52.752511+00:00
249,25,0.499236,0.500764,2025-11-27T00:04:52.574919+00:00
227,24,0.312091,0.687909,2025-11-27T00:04:52.492300+00:00
194,22,0.674142,0.325858,2025-11-26T23:04:52.325425+00:00
150,20,0.509614,0.490386,2025-11-26T23:04:52.126838+00:00
622,43,0.363383,0.636617,2025-11-26T22:04:54.061248+00:00
94,18,0.570322,0.429678,2025-11-26T22:04:51.908383+00:00
575,41,0.638863,0.361137,2025-11-26T21:04:53.902354+00:00
539,39,0.591203,0.408797,2025-11-26T21:04:53.756115+00:00
355,30,0.571538,0.428462,2025-11-26T21:04:53.037572+00:00
292,27,0.470683,0.529317,2025-11-26T21:04:52.752511+00:00
556,40,0.440177,0.559823,2025-11-26T20:04:53.816220+00:00
332,29,0.554125,0.445875,2025-11-26T20:04:52.952414+00:00
226,24,0.340285,0.659715,2025-11-26T20:04:52.492300+00:00
621,43,0.369376,0.630624,2025-11-26T19:04:54.061248+00:00
248,25,0.494046,0.505954,2025-11-26T19:04:52.574919+00:00
193,22,0.639395,0.360605,2025-11-26T19:04:52.325425+00:00
68,17,0.620047,0.379953,2025-11-26T19:04:51.817064+00:00
35,15,0.614297,0.385703,2025-11-26T19:04:51.668191+00:00
501,37,0.603426,0.396574,2025-11-26T18:04:53.593123+00:00
444,34,0.293672,0.706328,2025-11-26T18:04:53.371950+00:00
211,23,0.643567,0.356433,2025-11-26T18:04:52.405577+00:00
418,33,0.599512,0.400488,2025-11-26T17:04:53.268212+00:00
315,28,0.357747,0.642253,2025-11-26T17:04:52.831166+00:00
192,22,0.648687,0.351313,2025-11-26T17:04:52.325425+00:00
149,20,0.47511,0.52489,2025-11-26T17:04:52.126838+00:00
120,19,0.662563,0.337437,2025-11-26T17:04:52.030825+00:00
34,15,0.609114,0.390886,2025-11-26T17:04:51.668191+00:00
331,29,0.505543,0.494457,2025-11-26T16:04:52.952414+00:00
265,26,0.57848,0.42152,2025-11-26T16:04:52.642388+00:00
172,21,0.486893,0.513107,2025-11-26T16:04:52.259767+00:00
210,23,0.632232,0.367768,2025-11-26T15:04:52.405577+00:00
93,18,0.544574,0.455426,2025-11-26T15:04:51.908383+00:00
601,42,0.467105,0.532895,2025-11-26T14:04:53.995085+00:00
382,31,0.455841,0.544159,2025-11-26T14:04:53.150068+00:00
354,30,0.525979,0.474021,2025-11-26T14:04:53.037572+00:00
119,19,0.617634,0.382366,2025-11-26T14:04:52.030825+00:00
464,35,0.727708,0.272292,2025-11-26T13:04:53.458919+00:00
191,22,0.672188,0.327812,2025-11-26T13:04:52.325425+00:00
148,20,0.5177,0.4823,2025-11-26T13:04:52.126838+00:00
67,17,0.64927,0.35073,2025-11-26T13:04:51.817064+00:00
33,15,0.60795,0.39205,2025-11-26T13:04:51.668191+00:00
620,43,0.419132,0.580868,2025-11-26T12:04:54.061248+00:00
574,41,0.645818,0.354182,2025-11-26T12:04:53.902354+00:00
538,39,0.635359,0.364641,2025-11-26T12:04:53.756115+00:00
247,25,0.506279,0.493721,2025-11-26T12:04:52.574919+00:00
225,24,0.344344,0.655656,2025-11-26T12:04:52.492300+00:00
171,21,0.535522,0.464478,2025-11-26T12:04:52.259767+00:00
500,37,0.586405,0.413595,2025-11-26T11:04:53.593123+00:00
291,27,0.471604,0.528396,2025-11-26T11:04:52.752511+00:00
264,26,0.592756,0.407244,2025-11-26T11:04:52.642388+00:00
32,15,0.61042,0.38958,2025-11-26T11:04:51.668191+00:00
635,44,0.438125,0.561875,2025-11-26T10:04:54.149587+00:00
619,43,0.422623,0.577377,2025-11-26T10:04:54.061248+00:00
417,33,0.586255,0.413745,2025-11-26T10:04:53.268212+00:00
330,29,0.494911,0.505089,2025-11-26T10:04:52.952414+00:00
147,20,0.509087,0.490913,2025-11-26T10:04:52.126838+00:00
463,35,0.732146,0.267854,2025-11-26T09:04:53.458919+00:00
209,23,0.608203,0.391797,2025-11-26T09:04:52.405577+00:00
146,20,0.542248,0.457752,2025-11-26T09:04:52.126838+00:00
118,19,0.607125,0.392875,2025-11-26T09:04:52.030825+00:00
618,43,0.396054,0.603946,2025-11-26T08:04:54.061248+00:00
573,41,0.669654,0.330346,2025-11-26T08:04:53.902354+00:00
555,40,0.464082,0.535918,2025-11-26T08:04:53.816220+00:00
499,37,0.611385,0.388615,2025-11-26T08:04:53.593123+00:00
443,34,0.342165,0.657835,2025-11-26T08:04:53.371950+00:00
416,33,0.539284,0.460716,2025-11-26T07:04:53.268212+00:00
554,40,0.463385,0.536615,2025-11-26T06:04:53.816220+00:00
415,33,0.586827,0.413173,2025-11-26T06:04:53.268212+00:00
314,28,0.329891,0.670109,2025-11-26T06:04:52.831166+00:00
92,18,0.511795,0.488205,2025-11-26T06:04:51.908383+00:00
31,15,0.648718,0.351282,2025-11-26T06:04:51.668191+00:00
537,39,0.630042,0.369958,2025-11-26T05:04:53.756115+00:00
498,37,0.594861,0.405139,2025-11-26T05:04:53.593123+00:00
404,32,0.471542,0.528458,2025-11-26T05:04:53.224433+00:00
290,27,0.485952,0.514048,2025-11-26T05:04:52.752511+00:00
91,18,0.468136,0.531864,2025-11-26T05:04:51.908383+00:00
600,42,0.46234,0.53766,2025-11-26T04:04:53.995085+00:00
572,41,0.622615,0.377385,2025-11-26T04:04:53.902354+00:00
553,40,0.494258,0.505742,2025-11-26T04:04:53.816220+00:00
571,41,0.578883,0.421117,2025-11-26T03:04:53.902354+00:00
414,33,0.564317,0.435683,2025-11-26T03:04:53.268212+00:00
246,25,0.555801,0.444199,2025-11-26T03:04:52.574919+00:00
190,22,0.702286,0.297714,2025-11-26T03:04:52.325425+00:00
90,18,0.455374,0.544626,2025-11-26T03:04:51.908383+00:00
30,15,0.690122,0.309878,2025-11-26T03:04:51.668191+00:00
462,35,0.6887,0.3113,2025-11-26T02:04:53.458919+00:00
403,32,0.447501,0.552499,2025-11-26T02:04:53.224433+00:00
381,31,0.478065,0.521935,2025-11-26T02:04:53.150068+00:00
353,30,0.489468,0.510532,2025-11-26T02:04:53.037572+00:00
224,24,0.370751,0.629249,2025-11-26T02:04:52.492300+00:00
170,21,0.51691,0.48309,2025-11-26T02:04:52.259767+00:00
89,18,0.431231,0.568769,2025-11-26T02:04:51.908383+00:00
66,17,0.608055,0.391945,2025-11-26T01:04:51.817064+00:00
552,40,0.511166,0.488834,2025-11-26T00:04:53.816220+00:00
442,34,0.377026,0.622974,2025-11-26T00:04:53.371950+00:00
313,28,0.296598,0.703402,2025-11-26T00:04:52.831166+00:00
245,25,0.558468,0.441532,2025-11-26T00:04:52.574919+00:00
208,23,0.62107,0.37893,2025-11-26T00:04:52.405577+00:00
145,20,0.552844,0.447156,2025-11-26T00:04:52.126838+00:00
88,18,0.445911,0.554089,2025-11-26T00:04:51.908383+00:00
634,44,0.440547,0.559453,2025-11-25T23:04:54.149587+00:00
551,40,0.52939,0.47061,2025-11-25T23:04:53.816220+00:00
525,38,0.461845,0.538155,2025-11-25T23:04:53.703364+00:00
329,29,0.462646,0.537354,2025-11-25T23:04:52.952414+00:00
263,26,0.610707,0.389293,2025-11-25T23:04:52.642388+00:00
413,33,0.603635,0.396365,2025-11-25T22:04:53.268212+00:00
244,25,0.542075,0.457925,2025-11-25T22:04:52.574919+00:00
169,21,0.53053,0.46947,2025-11-25T22:04:52.259767+00:00
117,19,0.6171,0.3829,2025-11-25T22:04:52.030825+00:00
87,18,0.495503,0.504497,2025-11-25T22:04:51.908383+00:00
599,42,0.495555,0.504445,2025-11-25T21:04:53.995085+00:00
550,40,0.508343,0.491657,2025-11-25T21:04:53.816220+00:00
536,39,0.670167,0.329833,2025-11-25T21:04:53.756115+00:00
461,35,0.660733,0.339267,2025-11-25T21:04:53.458919+00:00
402,32,0.421808,0.578192,2025-11-25T21:04:53.224433+00:00
65,17,0.589253,0.410747,2025-11-25T21:04:51.817064+00:00
29,15,0.679304,0.320696,2025-11-25T21:04:51.668191+00:00
617,43,0.434726,0.565274,2025-11-25T20:04:54.061248+00:00
207,23,0.580473,0.419527,2025-11-25T20:04:52.405577+00:00
380,31,0.479268,0.520732,2025-11-25T19:04:53.150068+00:00
497,37,0.594472,0.405528,2025-11-25T18:04:53.593123+00:00
486,36,0.596578,0.403422,2025-11-25T18:04:53.534368+00:00
412,33,0.608241,0.391759,2025-11-25T18:04:53.268212+00:00
352,30,0.470557,0.529443,2025-11-25T18:04:53.037572+00:00
570,41,0.544548,0.455452,2025-11-25T17:04:53.902354+00:00
535,39,0.625321,0.374679,2025-11-25T17:04:53.756115+00:00
460,35,0.640033,0.359967,2025-11-25T17:04:53.458919+00:00
379,31,0.486996,0.513004,2025-11-25T17:04:53.150068+00:00
289,27,0.513304,0.486696,2025-11-25T17:04:52.752511+00:00
243,25,0.542174,0.457826,2025-11-25T17:04:52.574919+00:00
223,24,0.386965,0.613035,2025-11-25T17:04:52.492300+00:00
549,40,0.472718,0.527282,2025-11-25T16:04:53.816220+00:00
312,28,0.301957,0.698043,2025-11-25T16:04:52.831166+00:00
242,25,0.57611,0.42389,2025-11-25T16:04:52.574919+00:00
189,22,0.702488,0.297512,2025-11-25T16:04:52.325425+00:00
401,32,0.456309,0.543691,2025-11-25T15:04:53.224433+00:00
116,19,0.596224,0.403776,2025-11-25T15:04:52.030825+00:00
485,36,0.589834,0.410166,2025-11-25T14:04:53.534368+00:00
144,20,0.533774,0.466226,2025-11-25T14:04:52.126838+00:00
28,15,0.634745,0.365255,2025-11-25T14:04:51.668191+00:00
633,44,0.471652,0.528348,2025-11-25T13:04:54.149587+00:00
616,43,0.440512,0.559488,2025-11-25T13:04:54.061248+00:00
598,42,0.519512,0.480488,2025-11-25T13:04:53.995085+00:00
534,39,0.64173,0.35827,2025-11-25T13:04:53.756115+00:00
524,38,0.467087,0.532913,2025-11-25T13:04:53.703364+00:00
484,36,0.595014,0.404986,2025-11-25T13:04:53.534368+00:00
206,23,0.604674,0.395326,2025-11-25T13:04:52.405577+00:00
441,34,0.397257,0.602743,2025-11-25T12:04:53.371950+00:00
378,31,0.449097,0.550903,2025-11-25T12:04:53.150068+00:00
328,29,0.438454,0.561546,2025-11-25T12:04:52.952414+00:00
143,20,0.55986,0.44014,2025-11-25T12:04:52.126838+00:00
86,18,0.526478,0.473522,2025-11-25T12:04:51.908383+00:00
483,36,0.584823,0.415177,2025-11-25T11:04:53.534368+00:00
400,32,0.47823,0.52177,2025-11-25T11:04:53.224433+00:00
351,30,0.463219,0.536781,2025-11-25T11:04:53.037572+00:00
262,26,0.595241,0.404759,2025-11-25T11:04:52.642388+00:00
188,22,0.689012,0.310988,2025-11-25T11:04:52.325425+00:00
85,18,0.496933,0.503067,2025-11-25T11:04:51.908383+00:00
27,15,0.675069,0.324931,2025-11-25T11:04:51.668191+00:00
482,36,0.568095,0.431905,2025-11-25T10:04:53.534368+00:00
459,35,0.593027,0.406973,2025-11-25T10:04:53.458919+00:00
440,34,0.38702,0.61298,2025-11-25T10:04:53.371950+00:00
168,21,0.527414,0.472586,2025-11-25T10:04:52.259767+00:00
54,16,0.646167,0.353833,2025-11-25T10:04:51.772973+00:00
569,41,0.551186,0.448814,2025-11-25T09:04:53.902354+00:00
496,37,0.549879,0.450121,2025-11-25T09:04:53.593123+00:00
64,17,0.608774,0.391226,2025-11-25T09:04:51.817064+00:00
548,40,0.477369,0.522631,2025-11-25T08:04:53.816220+00:00
533,39,0.640275,0.359725,2025-11-25T08:04:53.756115+00:00
495,37,0.532262,0.467738,2025-11-25T08:04:53.593123+00:00
311,28,0.31178,0.68822,2025-11-25T08:04:52.831166+00:00
615,43,0.405798,0.594202,2025-11-25T07:04:54.061248+00:00
597,42,0.565188,0.434812,2025-11-25T07:04:53.995085+00:00
523,38,0.478277,0.521723,2025-11-25T07:04:53.703364+00:00
310,28,0.348516,0.651484,2025-11-25T07:04:52.831166+00:00
411,33,0.623062,0.376938,2025-11-25T06:04:53.268212+00:00
288,27,0.489888,0.510112,2025-11-25T06:04:52.752511+00:00
63,17,0.633798,0.366202,2025-11-25T06:04:51.817064+00:00
53,16,0.634353,0.365647,2025-11-25T06:04:51.772973+00:00
522,38,0.499995,0.500005,2025-11-25T05:04:53.703364+00:00
309,28,0.340107,0.659893,2025-11-25T05:04:52.831166+00:00
222,24,0.426035,0.573965,2025-11-25T05:04:52.492300+00:00
26,15,0.634776,0.365224,2025-11-25T05:04:51.668191+00:00
596,42,0.548906,0.451094,2025-11-25T04:04:53.995085+00:00
494,37,0.556281,0.443719,2025-11-25T04:04:53.593123+00:00
241,25,0.574357,0.425643,2025-11-25T04:04:52.574919+00:00
205,23,0.579315,0.420685,2025-11-25T04:04:52.405577+00:00
142,20,0.523609,0.476391,2025-11-25T04:04:52.126838+00:00
115,19,0.627726,0.372274,2025-11-25T04:04:52.030825+00:00
547,40,0.45109,0.54891,2025-11-25T03:04:53.816220+00:00
458,35,0.625207,0.374793,2025-11-25T03:04:53.458919+00:00
439,34,0.354195,0.645805,2025-11-25T03:04:53.371950+00:00
632,44,0.48763,0.51237,2025-11-25T02:04:54.149587+00:00
350,30,0.480798,0.519202,2025-11-25T02:04:53.037572+00:00
327,29,0.468361,0.531639,2025-11-25T02:04:52.952414+00:00
187,22,0.655076,0.344924,2025-11-25T02:04:52.325425+00:00
62,17,0.584743,0.415257,2025-11-25T02:04:51.817064+00:00
532,39,0.630307,0.369693,2025-11-25T01:04:53.756115+00:00
84,18,0.508942,0.491058,2025-11-25T01:04:51.908383+00:00
521,38,0.530793,0.469207,2025-11-25T00:04:53.703364+00:00
481,36,0.550045,0.449955,2025-11-25T00:04:53.534368+00:00
377,31,0.455247,0.544753,2025-11-25T00:04:53.150068+00:00
595,42,0.561392,0.438608,2025-11-24T23:04:53.995085+00:00
399,32,0.482422,0.517578,2025-11-24T23:04:53.224433+00:00
261,26,0.595561,0.404439,2025-11-24T23:04:52.642388+00:00
240,25,0.600033,0.399967,2025-11-24T23:04:52.574919+00:00
25,15,0.587272,0.412728,2025-11-24T23:04:51.668191+00:00
631,44,0.518494,0.481506,2025-11-24T22:04:54.149587+00:00
614,43,0.374357,0.625643,2025-11-24T22:04:54.061248+00:00
568,41,0.58629,0.41371,2025-11-24T22:04:53.902354+00:00
546,40,0.423029,0.576971,2025-11-24T22:04:53.816220+00:00
520,38,0.574404,0.425596,2025-11-24T22:04:53.703364+00:00
398,32,0.466935,0.533065,2025-11-24T22:04:53.224433+00:00
167,21,0.547703,0.452297,2025-11-24T22:04:52.259767+00:00
61,17,0.621167,0.378833,2025-11-24T22:04:51.817064+00:00
410,33,0.574947,0.425053,2025-11-24T21:04:53.268212+00:00
308,28,0.346808,0.653192,2025-11-24T21:04:52.831166+00:00
287,27,0.528988,0.471012,2025-11-24T21:04:52.752511+00:00
221,24,0.452773,0.547227,2025-11-24T21:04:52.492300+00:00
204,23,0.549329,0.450671,2025-11-24T21:04:52.405577+00:00
186,22,0.704205,0.295795,2025-11-24T21:04:52.325425+00:00
630,44,0.562712,0.437288,2025-11-24T20:04:54.149587+00:00
531,39,0.609678,0.390322,2025-11-24T20:04:53.756115+00:00
480,36,0.51311,0.48689,2025-11-24T20:04:53.534368+00:00
286,27,0.514108,0.485892,2025-11-24T20:04:52.752511+00:00
141,20,0.557887,0.442113,2025-11-24T20:04:52.126838+00:00
52,16,0.635172,0.364828,2025-11-24T20:04:51.772973+00:00
479,36,0.546046,0.453954,2025-11-24T19:04:53.534368+00:00
438,34,0.326539,0.673461,2025-11-24T19:04:53.371950+00:00
260,26,0.565641,0.434359,2025-11-24T19:04:52.642388+00:00
203,23,0.543059,0.456941,2025-11-24T19:04:52.405577+00:00
613,43,0.395813,0.604187,2025-11-24T18:04:54.061248+00:00
519,38,0.590053,0.409947,2025-11-24T18:04:53.703364+00:00
493,37,0.557656,0.442344,2025-11-24T18:04:53.593123+00:00
478,36,0.502972,0.497028,2025-11-24T18:04:53.534368+00:00
185,22,0.66796,0.33204,2025-11-24T18:04:52.325425+00:00
114,19,0.656558,0.343442,2025-11-24T18:04:52.030825+00:00
477,36,0.491817,0.508183,2025-11-24T17:04:53.534368+00:00
326,29,0.470728,0.529272,2025-11-24T17:04:52.952414+00:00
51,16,0.600383,0.399617,2025-11-24T17:04:51.772973+00:00
629,44,0.582886,0.417114,2025-11-24T16:04:54.149587+00:00
545,40,0.432753,0.567247,2025-11-24T16:04:53.816220+00:00
397,32,0.494725,0.505275,2025-11-24T16:04:53.224433+00:00
376,31,0.497085,0.502915,2025-11-24T16:04:53.150068+00:00
50,16,0.589757,0.410243,2025-11-24T16:04:51.772973+00:00
628,44,0.609954,0.390046,2025-11-24T15:04:54.149587+00:00
544,40,0.468198,0.531802,2025-11-24T15:04:53.816220+00:00
530,39,0.630426,0.369574,2025-11-24T15:04:53.756115+00:00
457,35,0.602485,0.397515,2025-11-24T15:04:53.458919+00:00
220,24,0.500465,0.499535,2025-11-24T15:04:52.492300+00:00
166,21,0.517574,0.482426,2025-11-24T15:04:52.259767+00:00
349,30,0.512692,0.487308,2025-11-24T14:04:53.037572+00:00
307,28,0.349236,0.650764,2025-11-24T14:04:52.831166+00:00
239,25,0.572718,0.427282,2025-11-24T14:04:52.574919+00:00
567,41,0.577382,0.422618,2025-11-24T13:04:53.902354+00:00
437,34,0.366298,0.633702,2025-11-24T13:04:53.371950+00:00
83,18,0.553999,0.446001,2025-11-24T13:04:51.908383+00:00
594,42,0.570404,0.429596,2025-11-24T12:04:53.995085+00:00
436,34,0.398892,0.601108,2025-11-24T12:04:53.371950+00:00
409,33,0.538359,0.461641,2025-11-24T12:04:53.268212+00:00
259,26,0.516863,0.483137,2025-11-24T12:04:52.642388+00:00
24,15,0.560948,0.439052,2025-11-24T12:04:51.668191+00:00
285,27,0.495308,0.504692,2025-11-24T11:04:52.752511+00:00
140,20,0.58969,0.41031,2025-11-24T11:04:52.126838+00:00
60,17,0.59012,0.40988,2025-11-24T11:04:51.817064+00:00
49,16,0.554769,0.445231,2025-11-24T11:04:51.772973+00:00
518,38,0.543515,0.456485,2025-11-24T10:04:53.703364+00:00
492,37,0.590056,0.409944,2025-11-24T10:04:53.593123+00:00
113,19,0.627149,0.372851,2025-11-24T10:04:52.030825+00:00
543,40,0.425531,0.574469,2025-11-24T09:04:53.816220+00:00
456,35,0.563809,0.436191,2025-11-24T09:04:53.458919+00:00
348,30,0.480402,0.519598,2025-11-24T09:04:53.037572+00:00
306,28,0.33178,0.66822,2025-11-24T09:04:52.831166+00:00
202,23,0.497344,0.502656,2025-11-24T09:04:52.405577+00:00
139,20,0.591254,0.408746,2025-11-24T09:04:52.126838+00:00
59,17,0.569797,0.430203,2025-11-24T09:04:51.817064+00:00
491,37,0.5496,0.4504,2025-11-24T08:04:53.593123+00:00
258,26,0.524755,0.475245,2025-11-24T08:04:52.642388+00:00
219,24,0.530453,0.469547,2025-11-24T08:04:52.492300+00:00
201,23,0.4612,0.5388,2025-11-24T08:04:52.405577+00:00
184,22,0.631356,0.368644,2025-11-24T08:04:52.325425+00:00
517,38,0.579853,0.420147,2025-11-24T07:04:53.703364+00:00
476,36,0.483296,0.516704,2025-11-24T07:04:53.534368+00:00
325,29,0.455691,0.544309,2025-11-24T07:04:52.952414+00:00
238,25,0.565131,0.434869,2025-11-24T07:04:52.574919+00:00
58,17,0.545478,0.454522,2025-11-24T07:04:51.817064+00:00
612,43,0.443308,0.556692,2025-11-24T06:04:54.061248+00:00
375,31,0.515811,0.484189,2025-11-24T06:04:53.150068+00:00
305,28,0.338992,0.661008,2025-11-24T06:04:52.831166+00:00
284,27,0.449966,0.550034,2025-11-24T06:04:52.752511+00:00
257,26,0.52201,0.47799,2025-11-24T06:04:52.642388+00:00
165,21,0.473058,0.526942,2025-11-24T06:04:52.259767+00:00
627,44,0.572939,0.427061,2025-11-24T05:04:54.149587+00:00
475,36,0.479036,0.520964,2025-11-24T05:04:53.534368+00:00
347,30,0.442438,0.557562,2025-11-24T05:04:53.037572+00:00
304,28,0.386749,0.613251,2025-11-24T05:04:52.831166+00:00
256,26,0.498013,0.501987,2025-11-24T05:04:52.642388+00:00
183,22,0.609021,0.390979,2025-11-24T05:04:52.325425+00:00
611,43,0.468046,0.531954,2025-11-24T04:04:54.061248+00:00
593,42,0.52607,0.47393,2025-11-24T04:04:53.995085+00:00
542,40,0.471564,0.528436,2025-11-24T04:04:53.816220+00:00
529,39,0.608904,0.391096,2025-11-24T04:04:53.756115+00:00
396,32,0.476132,0.523868,2025-11-24T04:04:53.224433+00:00
112,19,0.632462,0.367538,2025-11-24T04:04:52.030825+00:00
48,16,0.53391,0.46609,2025-11-24T04:04:51.772973+00:00
23,15,0.545782,0.454218,2025-11-24T04:04:51.668191+00:00
435,34,0.442677,0.557323,2025-11-24T03:04:53.371950+00:00
408,33,0.582882,0.417118,2025-11-24T03:04:53.268212+00:00
346,30,0.473967,0.526033,2025-11-24T03:04:53.037572+00:00
255,26,0.53327,0.46673,2025-11-24T03:04:52.642388+00:00
182,22,0.583614,0.416386,2025-11-24T03:04:52.325425+00:00
164,21,0.518726,0.481274,2025-11-24T03:04:52.259767+00:00
47,16,0.583601,0.416399,2025-11-24T03:04:51.772973+00:00
610,43,0.50771,0.49229,2025-11-24T02:04:54.061248+00:00
566,41,0.565704,0.434296,2025-11-24T02:04:53.902354+00:00
111,19,0.587321,0.412679,2025-11-24T02:04:52.030825+00:00
237,25,0.527849,0.472151,2025-11-24T01:04:52.574919+00:00
82,18,0.530351,0.469649,2025-11-24T01:04:51.908383+00:00
490,37,0.533957,0.466043,2025-11-24T00:04:53.593123+00:00
200,23,0.468902,0.531098,2025-11-24T00:04:52.405577+00:00
181,22,0.543087,0.456913,2025-11-24T00:04:52.325425+00:00
407,33,0.553913,0.446087,2025-11-23T23:04:53.268212+00:00
345,30,0.496608,0.503392,2025-11-23T23:04:53.037572+00:00
180,22,0.530996,0.469004,2025-11-23T23:04:52.325425+00:00
324,29,0.465912,0.534088,2025-11-23T22:04:52.952414+00:00
163,21,0.486312,0.513688,2025-11-23T22:04:52.259767+00:00
22,15,0.508939,0.491061,2025-11-23T22:04:51.668191+00:00
592,42,0.477196,0.522804,2025-11-23T21:04:53.995085+00:00
455,35,0.540224,0.459776,2025-11-23T21:04:53.458919+00:00
395,32,0.523684,0.476316,2025-11-23T21:04:53.224433+00:00
283,27,0.48979,0.51021,2025-11-23T21:04:52.752511+00:00
254,26,0.511742,0.488258,2025-11-23T21:04:52.642388+00:00
236,25,0.492712,0.507288,2025-11-23T21:04:52.574919+00:00
218,24,0.550834,0.449166,2025-11-23T21:04:52.492300+00:00
138,20,0.544594,0.455406,2025-11-23T21:04:52.126838+00:00
81,18,0.523136,0.476864,2025-11-23T21:04:51.908383+00:00
46,16,0.551988,0.448012,2025-11-23T21:04:51.772973+00:00
609,43,0.509373,0.490627,2025-11-23T20:04:54.061248+00:00
591,42,0.476603,0.523397,2025-11-23T20:04:53.995085+00:00
516,38,0.578463,0.421537,2025-11-23T20:04:53.703364+00:00
474,36,0.496216,0.503784,2025-11-23T20:04:53.534368+00:00
199,23,0.505302,0.494698,2025-11-23T20:04:52.405577+00:00
528,39,0.565444,0.434556,2025-11-23T19:04:53.756115+00:00
374,31,0.506694,0.493306,2025-11-23T19:04:53.150068+00:00
57,17,0.514815,0.485185,2025-11-23T19:04:51.817064+00:00
626,44,0.586305,0.413695,2025-11-23T18:04:54.149587+00:00
541,40,0.482322,0.517678,2025-11-23T18:04:53.816220+00:00
434,34,0.463967,0.536033,2025-11-23T18:04:53.371950+00:00
303,28,0.428167,0.571833,2025-11-23T18:04:52.831166+00:00
198,23,0.460485,0.539515,2025-11-23T18:04:52.405577+00:00
489,37,0.516265,0.483735,2025-11-23T17:04:53.593123+00:00
344,30,0.521997,0.478003,2025-11-23T17:04:53.037572+00:00
197,23,0.496464,0.503536,2025-11-23T17:04:52.405577+00:00
110,19,0.545173,0.454827,2025-11-23T17:04:52.030825+00:00
56,17,0.560545,0.439455,2025-11-23T17:04:51.817064+00:00
454,35,0.536545,0.463455,2025-11-23T16:04:53.458919+00:00
565,41,0.555804,0.444196,2025-11-23T15:04:53.902354+00:00
527,39,0.519182,0.480818,2025-11-23T15:04:53.756115+00:00
217,24,0.542379,0.457621,2025-11-23T14:04:52.492300+00:00
162,21,0.454181,0.545819,2025-11-23T14:04:52.259767+00:00
137,20,0.555066,0.444934,2025-11-23T14:04:52.126838+00:00
515,38,0.539309,0.460691,2025-11-23T13:04:53.703364+00:00
488,37,0.506189,0.493811,2025-11-23T13:04:53.593123+00:00
406,33,0.50784,0.49216,2025-11-23T13:04:53.268212+00:00
216,24,0.530992,0.469008,2025-11-23T13:04:52.492300+00:00
21,15,0.505864,0.494136,2025-11-23T13:04:51.668191+00:00
433,34,0.495024,0.504976,2025-11-23T12:04:53.371950+00:00
323,29,0.433805,0.566195,2025-11-23T12:04:52.952414+00:00
302,28,0.473823,0.526177,2025-11-23T12:04:52.831166+00:00
196,23,0.51564,0.48436,2025-11-23T12:04:52.405577+00:00
179,22,0.546328,0.453672,2025-11-23T12:04:52.325425+00:00
136,20,0.522847,0.477153,2025-11-23T12:04:52.126838+00:00
80,18,0.491464,0.508536,2025-11-23T12:04:51.908383+00:00
473,36,0.465284,0.534716,2025-11-23T11:04:53.534368+00:00
178,22,0.531702,0.468298,2025-11-23T11:04:52.325425+00:00
608,43,0.500674,0.499326,2025-11-23T10:04:54.061248+00:00
109,19,0.56887,0.43113,2025-11-23T10:04:52.030825+00:00
625,44,0.54472,0.45528,2025-11-23T09:04:54.149587+00:00
607,43,0.506528,0.493472,2025-11-23T09:04:54.061248+00:00
590,42,0.480121,0.519879,2025-11-23T09:04:53.995085+00:00
564,41,0.544844,0.455156,2025-11-23T09:04:53.902354+00:00
540,40,0.458608,0.541392,2025-11-23T09:04:53.816220+00:00
526,39,0.474718,0.525282,2025-11-23T09:04:53.756115+00:00
514,38,0.534401,0.465599,2025-11-23T09:04:53.703364+00:00
487,37,0.525663,0.474337,2025-11-23T09:04:53.593123+00:00
472,36,0.486006,0.513994,2025-11-23T09:04:53.534368+00:00
453,35,0.549786,0.450214,2025-11-23T09:04:53.458919+00:00
432,34,0.52952,0.47048,2025-11-23T09:04:53.371950+00:00
405,33,0.462143,0.537857,2025-11-23T09:04:53.268212+00:00
394,32,0.529031,0.470969,2025-11-23T09:04:53.224433+00:00
373,31,0.471202,0.528798,2025-11-23T09:04:53.150068+00:00
343,30,0.51346,0.48654,2025-11-23T09:04:53.037572+00:00
322,29,0.470283,0.529717,2025-11-23T09:04:52.952414+00:00
301,28,0.508921,0.491079,2025-11-23T09:04:52.831166+00:00
282,27,0.522723,0.477277,2025-11-23T09:04:52.752511+00:00
253,26,0.467066,0.532934,2025-11-23T09:04:52.642388+00:00
235,25,0.517937,0.482063,2025-11-23T09:04:52.574919+00:00
215,24,0.500849,0.499151,2025-11-23T09:04:52.492300+00:00
195,23,0.514654,0.485346,2025-11-23T09:04:52.405577+00:00
177,22,0.531259,0.468741,2025-11-23T09:04:52.325425+00:00
161,21,0.501976,0.498024,2025-11-23T09:04:52.259767+00:00
135,20,0.539119,0.460881,2025-11-23T09:04:52.126838+00:00
108,19,0.546145,0.453855,2025-11-23T09:04:52.030825+00:00
79,18,0.513628,0.486372,2025-11-23T09:04:51.908383+00:00
55,17,0.530228,0.469772,2025-11-23T09:04:51.817064+00:00
45,16,0.52693,0.47307,2025-11-23T09:04:51.772973+00:00
20,15,0.529832,0.470168,2025-11-23T09:04:51.668191+00:00
